product_id,product_name,category,product_url,image_id,image_position,image_url,original_alt,alt_exists,crawl_date
5061259,고랭지 홍로 햇사과 1.3kg,fruits_nuts_rice,https://www.kurly.com/goods/5061259,1,1,https://product-image.kurly.com/hdims/resize/%5E%3E720x%3E936/cropcenter/720x936/quality/85/src/product/image/14eca172-5349-4870-b7cb-fb93f470f432.jpg,상품-대표-이미지 1,1,2026-09-22T23:01:43+09:00
5061259,고랭지 홍로 햇사과 1.3kg,fruits_nuts_rice,https://www.kurly.com/goods/5061259,2,2,https://product-image.kurly.com/hdims/resize/%3E1010x/quality/90/src/product/image/875713aa-c433-4d61-b3d1-2e58b9e61f90.jpg,,0,2026-09-22T23:01:43+09:00
5063578,[KF365] 대추방울토마토 750g,fruits_nuts_rice,https://www.kurly.com/goods/5063578,3,1,https://product-image.kurly.com/hdims/resize/%5E%3E720x%3E936/cropcenter/720x936/quality/85/src/product/image/4436fdec-039d-4683-b8f3-7ebf677ad190.jpg,상품-대표-이미지 1,1,2026-09-22T23:01:53+09:00
5063578,[KF365] 대추방울토마토 750g,fruits_nuts_rice,https://www.kurly.com/goods/5063578,4,2,https://product-image.kurly.com/hdims/resize/%3E1010x/quality/90/src/product/image/b17052dc-0d0b-4778-8642-92bcdac4379e.jpg,,0,2026-09-22T23:01:53+09:00
1000763360,[KF365] 유명산지 샤인머스캣 500g,fruits_nuts_rice,https://www.kurly.com/goods/1000763360,5,1,https://product-image.kurly.com/hdims/resize/%5E%3E720x%3E936/cropcenter/720x936/quality/85/src/product/image/f84a1514-c2a0-4d78-b998-4deffc5e5fb7.jpg,상품-대표-이미지 1,1,2026-09-22T23:02:02+09:00
1000763360,[KF365] 유명산지 샤인머스캣 500g,fruits_nuts_rice,https://www.kurly.com/goods/1000763360,6,2,https://img-cf.kurly.com/hdims/resize/%3E1010x/quality/90/src/shop/data/goodsview/20240816/gv00001545803_1.jpg,,0,2026-09-22T23:02:02+09:00
1000867511,7일 향미 8kg (향진주),fruits_nuts_rice,https://www.kurly.com/goods/1000867511,7,1,https://product-image.kurly.com/hdims/resize/%5E%3E720x%3E936/cropcenter/720x936/quality/85/src/product/image/f8d1756c-3d5b-443f-8e8a-4a819838d821.jpg,상품-대표-이미지 1,1,2026-09-22T23:02:11+09:00
1000867511,7일 향미 8kg (향진주),fruits_nuts_rice,https://www.kurly.com/goods/1000867511,8,2,https://product-image.kurly.com/hdims/resize/%3E1010x/quality/90/src/product/image/e56ca35e-0444-43ef-bb05-b7ef159b2e8c.jpg,,0,2026-09-22T23:02:11+09:00
5159977,황도 복숭아 1.2kg (4~6입) (후숙 시 당도 우수),fruits_nuts_rice,https://www.kurly.com/goods/5159977,9,1,https://product-image.kurly.com/hdims/resize/%5E%3E720x%3E936/cropcenter/720x936/quality/85/src/product/image/fcd99289-84fb-43ad-824d-fee38efe93f2.jpg,상품-대표-이미지 1,1,2026-09-22T23:02:21+09:00
5159977,황도 복숭아 1.2kg (4~6입) (후숙 시 당도 우수),fruits_nuts_rice,https://www.kurly.com/goods/5159977,10,2,https://product-image.kurly.com/hdims/resize/%3E1010x/quality/90/src/product/image/fe5562ae-1c22-41a8-812d-fc7c2fae1895.jpg,,0,2026-09-22T23:02:21+09:00
5053663,땅끝 해남 쌀 10kg,fruits_nuts_rice,https://www.kurly.com/goods/5053663,11,1,https://product-image.kurly.com/hdims/resize/%5E%3E720x%3E936/cropcenter/720x936/quality/85/src/product/image/6756bfaa-a90e-471c-ac8d-14abc0fb757e.jpg,상품-대표-이미지 1,1,2026-09-22T23:02:29+09:00
5053663,땅끝 해남 쌀 10kg,fruits_nuts_rice,https://www.kurly.com/goods/5053663,12,2,https://img-cf.kurly.com/hdims/resize/%3E1010x/quality/90/src/shop/data/goodsview/20200625/gv20000103608_1.jpg,,0,2026-09-22T23:02:29+09:00
1001882653,"13brix이상 못생겨도 맛있는 홍로 ""햇""사과1.3kg",fruits_nuts_rice,https://www.kurly.com/goods/1001882653,13,1,https://product-image.kurly.com/hdims/resize/%5E%3E720x%3E936/cropcenter/720x936/quality/85/src/product/image/e10f9e81-825c-4b53-9715-0e0b9f142b40.jpg,상품-대표-이미지 1,1,2026-09-22T23:02:39+09:00
1001882653,"13brix이상 못생겨도 맛있는 홍로 ""햇""사과1.3kg",fruits_nuts_rice,https://www.kurly.com/goods/1001882653,14,2,https://product-image.kurly.com/hdims/resize/%3E1010x/quality/90/src/product/image/10a384fb-fa6c-47fb-9916-7c3fd2d0686c.jpg,,0,2026-09-22T23:02:39+09:00
1000908371,[의성眞]고랭지 홍로 햇사과 3kg(11~12입),fruits_nuts_rice,https://www.kurly.com/goods/1000908371,15,1,https://product-image.kurly.com/hdims/resize/%5E%3E720x%3E936/cropcenter/720x936/quality/85/src/product/image/585fbced-97fa-49cf-b6a4-d029862662e3.jpg,상품-대표-이미지 1,1,2026-09-22T23:02:49+09:00
1000908371,[의성眞]고랭지 홍로 햇사과 3kg(11~12입),fruits_nuts_rice,https://www.kurly.com/goods/1000908371,16,2,https://product-image.kurly.com/hdims/resize/%3E1010x/quality/90/src/product/image/c49427f5-e9f0-45e2-bc2f-01a9b956931f.jpg,,0,2026-09-22T23:02:49+09:00
5048580,16brix이상 고당도 상주 샤인머스캣 1.5kg (박스),fruits_nuts_rice,https://www.kurly.com/goods/5048580,17,1,https://img-cf.kurly.com/hdims/resize/%5E%3E720x%3E936/cropcenter/720x936/quality/85/src/shop/data/goods/1609115764700l0.jpg,상품-대표-이미지 1,1,2026-09-22T23:02:59+09:00
5048580,16brix이상 고당도 상주 샤인머스캣 1.5kg (박스),fruits_nuts_rice,https://www.kurly.com/goods/5048580,18,2,https://img-cf.kurly.com/hdims/resize/%3E1010x/quality/90/src/shop/data/goodsview/20200131/gv10000079725_1.jpg,,0,2026-09-22T23:02:59+09:00
1000867509,7일 향미 4kg (향진주),fruits_nuts_rice,https://www.kurly.com/goods/1000867509,19,1,https://product-image.kurly.com/hdims/resize/%5E%3E720x%3E936/cropcenter/720x936/quality/85/src/product/image/662acf0d-51e6-487c-b356-fe002d70d97b.jpg,상품-대표-이미지 1,1,2026-09-22T23:03:09+09:00
1000867509,7일 향미 4kg (향진주),fruits_nuts_rice,https://www.kurly.com/goods/1000867509,20,2,https://product-image.kurly.com/hdims/resize/%3E1010x/quality/90/src/product/image/267cbf19-31ff-48fd-85e6-ddd1c7240a94.jpg,,0,2026-09-22T23:03:09+09:00
5031442,[Dole] 스위티오 바나나 2종 (택1),fruits_nuts_rice,https://www.kurly.com/goods/5031442,21,1,https://img-cf.kurly.com/hdims/resize/%5E%3E720x%3E936/cropcenter/720x936/quality/85/src/shop/data/goods/1648209696613l0.jpeg,상품-대표-이미지 1,1,2026-09-22T23:03:19+09:00
5031442,[Dole] 스위티오 바나나 2종 (택1),fruits_nuts_rice,https://www.kurly.com/goods/5031442,22,2,https://product-image.kurly.com/hdims/resize/%3E1010x/quality/90/src/product/image/ac236348-e7f0-400b-a9c3-f65da5408146.jpg,,0,2026-09-22T23:03:19+09:00
1000338204,냉동 칠레산 블루베리 1kg,fruits_nuts_rice,https://www.kurly.com/goods/1000338204,23,1,https://product-image.kurly.com/hdims/resize/%5E%3E720x%3E936/cropcenter/720x936/quality/85/src/product/image/cbf2a84f-1b12-4823-9376-5ce8b1760392.jpg,상품-대표-이미지 1,1,2026-09-22T23:03:29+09:00
1000338204,냉동 칠레산 블루베리 1kg,fruits_nuts_rice,https://www.kurly.com/goods/1000338204,24,2,https://product-image.kurly.com/hdims/resize/%3E1010x/quality/90/src/product/image/12153c23-7c91-4687-9acf-31f19a691125.jpg,,0,2026-09-22T23:03:29+09:00
5036748,[제스프리] 뉴질랜드 골드 키위 760g (4입X2팩),fruits_nuts_rice,https://www.kurly.com/goods/5036748,25,1,https://img-cf.kurly.com/hdims/resize/%5E%3E720x%3E936/cropcenter/720x936/quality/85/src/shop/data/goods/1653038579476l0.jpeg,상품-대표-이미지 1,1,2026-09-22T23:03:39+09:00
5036748,[제스프리] 뉴질랜드 골드 키위 760g (4입X2팩),fruits_nuts_rice,https://www.kurly.com/goods/5036748,26,2,https://img-cf.kurly.com/hdims/resize/%3E1010x/quality/90/src/shop/data/goodsview/20210402/gv00000169719_1.jpg,,0,2026-09-22T23:03:39+09:00
1002140343,바로먹는 아보카도 3입 (페루산),fruits_nuts_rice,https://www.kurly.com/goods/1002140343,27,1,https://product-image.kurly.com/hdims/resize/%5E%3E720x%3E936/cropcenter/720x936/quality/85/src/product/image/8a54e97d-4145-43e5-a646-c44c5cc1ecfa.jpg,상품-대표-이미지 1,1,2026-09-22T23:03:49+09:00
1002140343,바로먹는 아보카도 3입 (페루산),fruits_nuts_rice,https://www.kurly.com/goods/1002140343,28,2,https://product-image.kurly.com/hdims/resize/%3E1010x/quality/90/src/product/image/fdf44463-7677-402a-a668-dc8cdced2709.jpg,241008_kurly0658_??????????????????3???.jpg,1,2026-09-22T23:03:49+09:00
5063690,완숙토마토 1kg,fruits_nuts_rice,https://www.kurly.com/goods/5063690,29,1,https://product-image.kurly.com/hdims/resize/%5E%3E720x%3E936/cropcenter/720x936/quality/85/src/product/image/dd55e8f3-621f-4b3b-b775-460c4b6c2435.jpeg,상품-대표-이미지 1,1,2026-09-22T23:03:59+09:00
5063690,완숙토마토 1kg,fruits_nuts_rice,https://www.kurly.com/goods/5063690,30,2,https://product-image.kurly.com/hdims/resize/%3E1010x/quality/90/src/product/image/e2025a34-5766-4b68-97ed-e3fc1d8c8bd8.jpg,,0,2026-09-22T23:03:59+09:00
5034841,[귤로장생] 제주 하우스 감귤 1kg,fruits_nuts_rice,https://www.kurly.com/goods/5034841,31,1,https://product-image.kurly.com/hdims/resize/%5E%3E720x%3E936/cropcenter/720x936/quality/85/src/product/image/8b074ee5-8268-461b-891a-23f017584596.jpg,상품-대표-이미지 1,1,2026-09-22T23:04:10+09:00
5034841,[귤로장생] 제주 하우스 감귤 1kg,fruits_nuts_rice,https://www.kurly.com/goods/5034841,32,2,https://product-image.kurly.com/hdims/resize/%3E1010x/quality/90/src/product/image/3ba4c50e-2f31-4a5a-ab68-06df60c219f8.jpg,,0,2026-09-22T23:04:10+09:00
5162187,[KF365] 새콤달콤 제주 감귤 1.5kg,fruits_nuts_rice,https://www.kurly.com/goods/5162187,33,1,https://product-image.kurly.com/hdims/resize/%5E%3E720x%3E936/cropcenter/720x936/quality/85/src/product/image/8dd666fa-0c9e-4181-a369-bbccce87fb4a.jpg,상품-대표-이미지 1,1,2026-09-22T23:04:21+09:00
5162187,[KF365] 새콤달콤 제주 감귤 1.5kg,fruits_nuts_rice,https://www.kurly.com/goods/5162187,34,2,https://product-image.kurly.com/hdims/resize/%3E1010x/quality/90/src/product/image/cce0c34b-7bbd-4865-aaac-1ba8e7201858.jpg,,0,2026-09-22T23:04:21+09:00
1000048867,[대한제일미] 시월미소미 쌀10kg,fruits_nuts_rice,https://www.kurly.com/goods/1000048867,35,1,https://product-image.kurly.com/hdims/resize/%5E%3E720x%3E936/cropcenter/720x936/quality/85/src/product/image/08d1471c-321d-4e5c-8499-a87cc133d926.jpg,상품-대표-이미지 1,1,2026-09-22T23:04:31+09:00
1000048867,[대한제일미] 시월미소미 쌀10kg,fruits_nuts_rice,https://www.kurly.com/goods/1000048867,36,2,https://img-cf.kurly.com/hdims/resize/%3E1010x/quality/90/src/shop/data/goodsview/20221020/gv10000437965_1.jpg,,0,2026-09-22T23:04:31+09:00
5134096,[KF365] 밥상의 진미 쌀 10kg,fruits_nuts_rice,https://www.kurly.com/goods/5134096,37,1,https://product-image.kurly.com/hdims/resize/%5E%3E720x%3E936/cropcenter/720x936/quality/85/src/product/image/fcd2c219-b2a2-400c-bba1-7374ee8e8476.jpg,상품-대표-이미지 1,1,2026-09-22T23:04:41+09:00
5134096,[KF365] 밥상의 진미 쌀 10kg,fruits_nuts_rice,https://www.kurly.com/goods/5134096,38,2,https://img-cf.kurly.com/hdims/resize/%3E1010x/quality/90/src/shop/data/goodsview/20230405/gv00000668017_1.jpg,,0,2026-09-22T23:04:41+09:00
1000030900,[정미소] 비단쌀 4kg (26년 햅쌀),fruits_nuts_rice,https://www.kurly.com/goods/1000030900,39,1,https://product-image.kurly.com/hdims/resize/%5E%3E720x%3E936/cropcenter/720x936/quality/85/src/product/image/403ca72b-34da-41d9-b269-1642ae18ff10.jpg,상품-대표-이미지 1,1,2026-09-22T23:04:51+09:00
1000030900,[정미소] 비단쌀 4kg (26년 햅쌀),fruits_nuts_rice,https://www.kurly.com/goods/1000030900,40,2,https://img-cf.kurly.com/hdims/resize/%3E1010x/quality/90/src/shop/data/goodsview/20220829/gv00000417260_1.jpg,,0,2026-09-22T23:04:51+09:00
1000973922,[KF365] 기본에 충실한 하루견과(20g*14봉),fruits_nuts_rice,https://www.kurly.com/goods/1000973922,41,1,https://product-image.kurly.com/hdims/resize/%5E%3E720x%3E936/cropcenter/720x936/quality/85/src/product/image/b0f29bac-9865-496d-b5ad-2d657ba4e8be.jpg,상품-대표-이미지 1,1,2026-09-22T23:05:01+09:00
1000973922,[KF365] 기본에 충실한 하루견과(20g*14봉),fruits_nuts_rice,https://www.kurly.com/goods/1000973922,42,2,https://product-image.kurly.com/hdims/resize/%3E1010x/quality/90/src/product/image/381c57a6-60a2-45f6-8900-bd868c9e2b37.jpg,pc_samjin_241209_01.jpg,1,2026-09-22T23:05:01+09:00
5048547,대왕님표여주쌀(진상) 10kg,fruits_nuts_rice,https://www.kurly.com/goods/5048547,43,1,https://product-image.kurly.com/hdims/resize/%5E%3E720x%3E936/cropcenter/720x936/quality/85/src/product/image/a7d79485-870b-46fb-953f-8b5433878c80.jpg,상품-대표-이미지 1,1,2026-09-22T23:05:12+09:00
5048547,대왕님표여주쌀(진상) 10kg,fruits_nuts_rice,https://www.kurly.com/goods/5048547,44,2,https://img-cf.kurly.com/hdims/resize/%3E1010x/quality/90/src/shop/data/goodsview/20230927/gv10000245362_1.jpg,,0,2026-09-22T23:05:12+09:00
5070409,달보드레쌀 4kg (26년 햅쌀),fruits_nuts_rice,https://www.kurly.com/goods/5070409,45,1,https://product-image.kurly.com/hdims/resize/%5E%3E720x%3E936/cropcenter/720x936/quality/85/src/product/image/c28c1422-0381-4edd-b561-63c801c3d34c.jpg,상품-대표-이미지 1,1,2026-09-22T23:05:23+09:00
5070409,달보드레쌀 4kg (26년 햅쌀),fruits_nuts_rice,https://www.kurly.com/goods/5070409,46,2,https://img-cf.kurly.com/hdims/resize/%3E1010x/quality/90/src/shop/data/goodsview/20210507/gv00000180811_1.jpg,,0,2026-09-22T23:05:23+09:00
1000122762,"세척홍로""햇""사과 1.4kg (6~7입)",fruits_nuts_rice,https://www.kurly.com/goods/1000122762,47,1,https://product-image.kurly.com/hdims/resize/%5E%3E720x%3E936/cropcenter/720x936/quality/85/src/product/image/30b30de4-14f7-438a-844d-604b5a2acde9.jpg,상품-대표-이미지 1,1,2026-09-22T23:05:33+09:00
1000122762,"세척홍로""햇""사과 1.4kg (6~7입)",fruits_nuts_rice,https://www.kurly.com/goods/1000122762,48,2,https://product-image.kurly.com/hdims/resize/%3E1010x/quality/90/src/product/image/33911057-a08a-40e7-851d-1a0450576754.jpg,,0,2026-09-22T23:05:33+09:00
1000118138,백진주 쌀 4kg,fruits_nuts_rice,https://www.kurly.com/goods/1000118138,49,1,https://product-image.kurly.com/hdims/resize/%5E%3E720x%3E936/cropcenter/720x936/quality/85/src/product/image/abdafa84-f1a6-4416-8241-a827ec6278ac.jpg,상품-대표-이미지 1,1,2026-09-22T23:05:43+09:00
1000118138,백진주 쌀 4kg,fruits_nuts_rice,https://www.kurly.com/goods/1000118138,50,2,https://product-image.kurly.com/hdims/resize/%3E1010x/quality/90/src/product/image/fcbcd37f-ac06-4fa7-ba2f-c70de3089c49.jpg,,0,2026-09-22T23:05:43+09:00
1000102438,[선물세트] 유명산지 사과세트 3.8kg (14~15입),fruits_nuts_rice,https://www.kurly.com/goods/1000102438,51,1,https://product-image.kurly.com/hdims/resize/%5E%3E720x%3E936/cropcenter/720x936/quality/85/src/product/image/a24d1b72-3c74-43c6-a020-688140d3ae8d.jpg,상품-대표-이미지 1,1,2026-09-22T23:05:52+09:00
1000102438,[선물세트] 유명산지 사과세트 3.8kg (14~15입),fruits_nuts_rice,https://www.kurly.com/goods/1000102438,52,2,https://img-cf.kurly.com/hdims/resize/%3E1010x/quality/90/src/shop/data/goodsview/20221225/gv00000470400_1.jpg,,0,2026-09-22T23:05:52+09:00
5035954,[자연원] 냉동 유기농 블루베리 700g (미국산),fruits_nuts_rice,https://www.kurly.com/goods/5035954,53,1,https://img-cf.kurly.com/hdims/resize/%5E%3E720x%3E936/cropcenter/720x936/quality/85/src/shop/data/goods/1653037727503l0.jpeg,상품-대표-이미지 1,1,2026-09-22T23:06:03+09:00
5035954,[자연원] 냉동 유기농 블루베리 700g (미국산),fruits_nuts_rice,https://www.kurly.com/goods/5035954,54,2,https://img-cf.kurly.com/hdims/resize/%3E1010x/quality/90/src/shop/data/goodsview/20190411/gv00000047299_1.jpg,,0,2026-09-22T23:06:03+09:00
5052626,하루 건강견과 Excellent 500g (20gX25봉),fruits_nuts_rice,https://www.kurly.com/goods/5052626,55,1,https://img-cf.kurly.com/hdims/resize/%5E%3E720x%3E936/cropcenter/720x936/quality/85/src/shop/data/goods/1637924326883l0.jpeg,상품-대표-이미지 1,1,2026-09-22T23:06:13+09:00
5052626,하루 건강견과 Excellent 500g (20gX25봉),fruits_nuts_rice,https://www.kurly.com/goods/5052626,56,2,https://img-cf.kurly.com/hdims/resize/%3E1010x/quality/90/src/shop/data/goodsview/20200611/gv40000100410_1.jpg,,0,2026-09-22T23:06:13+09:00
1001234463,스테비아 대추방울토마토 1kg,fruits_nuts_rice,https://www.kurly.com/goods/1001234463,57,1,https://product-image.kurly.com/hdims/resize/%5E%3E720x%3E936/cropcenter/720x936/quality/85/src/product/image/b48c57af-d045-41cf-8d00-3641ff5dd514.jpg,상품-대표-이미지 1,1,2026-09-22T23:06:23+09:00
1001234463,스테비아 대추방울토마토 1kg,fruits_nuts_rice,https://www.kurly.com/goods/1001234463,58,2,https://product-image.kurly.com/hdims/resize/%3E1010x/quality/90/src/product/image/f7af5b51-cbdd-4846-bffe-9aa43bbe0977.jpg,,0,2026-09-22T23:06:23+09:00
5038123,유명산지 거봉 포도 450g (1송이),fruits_nuts_rice,https://www.kurly.com/goods/5038123,59,1,https://img-cf.kurly.com/hdims/resize/%5E%3E720x%3E936/cropcenter/720x936/quality/85/src/shop/data/goods/1563777423511l0.jpg,상품-대표-이미지 1,1,2026-09-22T23:06:34+09:00
5038123,유명산지 거봉 포도 450g (1송이),fruits_nuts_rice,https://www.kurly.com/goods/5038123,60,2,https://img-cf.kurly.com/hdims/resize/%3E1010x/quality/90/src/shop/data/goodsview/20190722/gv00000056446_1.jpg,,0,2026-09-22T23:06:34+09:00
5068728,[귤림원] 당도선별 GAP 하우스 감귤 500g,fruits_nuts_rice,https://www.kurly.com/goods/5068728,61,1,https://img-cf.kurly.com/hdims/resize/%5E%3E720x%3E936/cropcenter/720x936/quality/85/src/shop/data/goods/1653038881250l0.jpeg,상품-대표-이미지 1,1,2026-09-22T23:06:45+09:00
5068728,[귤림원] 당도선별 GAP 하우스 감귤 500g,fruits_nuts_rice,https://www.kurly.com/goods/5068728,62,2,https://product-image.kurly.com/hdims/resize/%3E1010x/quality/90/src/product/image/c579c4fd-2040-49e9-aa7d-779726f489ec.jpg,,0,2026-09-22T23:06:45+09:00
1000032485,[자연원] 냉동 블루베리 1.5kg (미국산),fruits_nuts_rice,https://www.kurly.com/goods/1000032485,63,1,https://product-image.kurly.com/hdims/resize/%5E%3E720x%3E936/cropcenter/720x936/quality/85/src/product/image/a9df036d-b811-43fb-91f3-bf013b876bf1.jpg,상품-대표-이미지 1,1,2026-09-22T23:06:57+09:00
1000032485,[자연원] 냉동 블루베리 1.5kg (미국산),fruits_nuts_rice,https://www.kurly.com/goods/1000032485,64,2,https://img-cf.kurly.com/hdims/resize/%3E1010x/quality/90/src/shop/data/goodsview/20220901/gv40000419199_1.jpg,,0,2026-09-22T23:06:57+09:00
1001303421,14brix이상 못생겨도 맛있는 사과 1.5kg,fruits_nuts_rice,https://www.kurly.com/goods/1001303421,65,1,https://product-image.kurly.com/hdims/resize/%5E%3E720x%3E936/cropcenter/720x936/quality/85/src/product/image/23c7db76-e199-40ca-858c-719b15ae5513.jpg,상품-대표-이미지 1,1,2026-09-22T23:07:07+09:00
1001303421,14brix이상 못생겨도 맛있는 사과 1.5kg,fruits_nuts_rice,https://www.kurly.com/goods/1001303421,66,2,https://product-image.kurly.com/hdims/resize/%3E1010x/quality/90/src/product/image/63fe095d-e268-4c9a-9fcb-f0c74dd0af89.jpg,,0,2026-09-22T23:07:07+09:00
1000858612,[KF365] 컷팅파인애플 1kg,fruits_nuts_rice,https://www.kurly.com/goods/1000858612,67,1,https://product-image.kurly.com/hdims/resize/%5E%3E720x%3E936/cropcenter/720x936/quality/85/src/product/image/4df5f296-1ec3-4f89-88ea-78ba608d8679.jpg,상품-대표-이미지 1,1,2026-09-22T23:07:17+09:00
1000858612,[KF365] 컷팅파인애플 1kg,fruits_nuts_rice,https://www.kurly.com/goods/1000858612,68,2,https://product-image.kurly.com/hdims/resize/%3E1010x/quality/90/src/product/image/daf30045-b0f4-49e4-bf84-c882ba88c412.jpg,241008_kurly0582_KF365 ????????????????1kg.jpg,1,2026-09-22T23:07:17+09:00
5049631,당도선별 성주 참외 1.5kg (4~7입),fruits_nuts_rice,https://www.kurly.com/goods/5049631,69,1,https://img-cf.kurly.com/hdims/resize/%5E%3E720x%3E936/cropcenter/720x936/quality/85/src/shop/data/goods/1653038449592l0.jpeg?v=0531,상품-대표-이미지 1,1,2026-09-22T23:07:27+09:00
5049631,당도선별 성주 참외 1.5kg (4~7입),fruits_nuts_rice,https://www.kurly.com/goods/5049631,70,2,https://product-image.kurly.com/hdims/resize/%3E1010x/quality/90/src/product/image/e475edcd-c0c2-403a-b74c-c403555cb44b.jpg,,0,2026-09-22T23:07:27+09:00
1001502284,캐나다 생 체리 300g (10row),fruits_nuts_rice,https://www.kurly.com/goods/1001502284,71,1,https://product-image.kurly.com/hdims/resize/%5E%3E720x%3E936/cropcenter/720x936/quality/85/src/product/image/805bbb46-e405-46d6-868f-6a5ba180f200.jpg,상품-대표-이미지 1,1,2026-09-22T23:07:38+09:00
1001502284,캐나다 생 체리 300g (10row),fruits_nuts_rice,https://www.kurly.com/goods/1001502284,72,2,https://product-image.kurly.com/hdims/resize/%3E1010x/quality/90/src/product/image/e6b6511a-e9c0-4504-aadb-39bbddaec452.jpg,,0,2026-09-22T23:07:38+09:00
5051031,씻어나온 완전미 고시히카리 쌀 4kg,fruits_nuts_rice,https://www.kurly.com/goods/5051031,73,1,https://img-cf.kurly.com/hdims/resize/%5E%3E720x%3E936/cropcenter/720x936/quality/85/src/shop/data/goods/1637922344768l0.jpeg,상품-대표-이미지 1,1,2026-09-22T23:07:48+09:00
5051031,씻어나온 완전미 고시히카리 쌀 4kg,fruits_nuts_rice,https://www.kurly.com/goods/5051031,74,2,https://img-cf.kurly.com/hdims/resize/%3E1010x/quality/90/src/shop/data/goodsview/20200422/gv40000091784_1.jpg,,0,2026-09-22T23:07:48+09:00
1000253378,알이 큰 유기농 냉동 블루베리 500g (국산),fruits_nuts_rice,https://www.kurly.com/goods/1000253378,75,1,https://product-image.kurly.com/hdims/resize/%5E%3E720x%3E936/cropcenter/720x936/quality/85/src/product/image/2b3fe47b-243f-4e72-a0ae-c54257184cba.jpg,상품-대표-이미지 1,1,2026-09-22T23:07:59+09:00
1000253378,알이 큰 유기농 냉동 블루베리 500g (국산),fruits_nuts_rice,https://www.kurly.com/goods/1000253378,76,2,https://img-cf.kurly.com/hdims/resize/%3E1010x/quality/90/src/shop/data/goodsview/20230908/gv30000724345_1.jpg,,0,2026-09-22T23:07:59+09:00
5121007,유기농 담음 신동진 쌀 4kg,fruits_nuts_rice,https://www.kurly.com/goods/5121007,77,1,https://img-cf.kurly.com/hdims/resize/%5E%3E720x%3E936/cropcenter/720x936/quality/85/src/shop/data/goods/1656479672431l0.jpg,상품-대표-이미지 1,1,2026-09-22T23:08:10+09:00
5121007,유기농 담음 신동진 쌀 4kg,fruits_nuts_rice,https://www.kurly.com/goods/5121007,78,2,https://img-cf.kurly.com/hdims/resize/%3E1010x/quality/90/src/shop/data/goodsview/20220316/gv10000290105_1.jpg,,0,2026-09-22T23:08:10+09:00
5003716,[스미후루] 감숙왕 바나나 2종 (택1),fruits_nuts_rice,https://www.kurly.com/goods/5003716,79,1,https://product-image.kurly.com/hdims/resize/%5E%3E720x%3E936/cropcenter/720x936/quality/85/src/product/image/8d6ac084-22bd-47c2-8d40-867eb49a181b.jpg,상품-대표-이미지 1,1,2026-09-22T23:08:20+09:00
5003716,[스미후루] 감숙왕 바나나 2종 (택1),fruits_nuts_rice,https://www.kurly.com/goods/5003716,80,2,https://img-cf.kurly.com/hdims/resize/%3E1010x/quality/90/src/shop/data/goodsview/20220310/gv00000287625_1.jpg,,0,2026-09-22T23:08:20+09:00
5132780,[제스프리] 뉴질랜드 골드키위 1.1kg (8~10입),fruits_nuts_rice,https://www.kurly.com/goods/5132780,81,1,https://img-cf.kurly.com/hdims/resize/%5E%3E720x%3E936/cropcenter/720x936/quality/85/src/shop/data/goods/1650348343574l0.jpg,상품-대표-이미지 1,1,2026-09-22T23:08:31+09:00
5132780,[제스프리] 뉴질랜드 골드키위 1.1kg (8~10입),fruits_nuts_rice,https://www.kurly.com/goods/5132780,82,2,https://img-cf.kurly.com/hdims/resize/%3E1010x/quality/90/src/shop/data/goodsview/20220419/gv30000304080_1.jpg,,0,2026-09-22T23:08:31+09:00
5051038,엘그로 백진주쌀 10kg,fruits_nuts_rice,https://www.kurly.com/goods/5051038,83,1,https://product-image.kurly.com/hdims/resize/%5E%3E720x%3E936/cropcenter/720x936/quality/85/src/product/image/d515e172-84cb-4c3f-a327-b4173ff99311.jpg,상품-대표-이미지 1,1,2026-09-22T23:08:41+09:00
5051038,엘그로 백진주쌀 10kg,fruits_nuts_rice,https://www.kurly.com/goods/5051038,84,2,https://product-image.kurly.com/hdims/resize/%3E1010x/quality/90/src/product/image/de6935eb-9571-4b62-a8b4-3e9a5886d22e.jpg,,0,2026-09-22T23:08:41+09:00
1000144509,[KF365] 밥상의 진미 쌀 4kg,fruits_nuts_rice,https://www.kurly.com/goods/1000144509,85,1,https://product-image.kurly.com/hdims/resize/%5E%3E720x%3E936/cropcenter/720x936/quality/85/src/product/image/183782dc-05d5-4641-9b66-1e1e6d0baf13.jpg,상품-대표-이미지 1,1,2026-09-22T23:08:51+09:00
1000144509,[KF365] 밥상의 진미 쌀 4kg,fruits_nuts_rice,https://www.kurly.com/goods/1000144509,86,2,https://img-cf.kurly.com/hdims/resize/%3E1010x/quality/90/src/shop/data/goodsview/20230405/gv00000668007_1.jpg,,0,2026-09-22T23:08:51+09:00
5094562,[선물세트] 타무르 데이츠 대추야자 14구 세트,fruits_nuts_rice,https://www.kurly.com/goods/5094562,87,1,https://product-image.kurly.com/hdims/resize/%5E%3E720x%3E936/cropcenter/720x936/quality/85/src/product/image/9caf3305-529c-4346-96f7-c32ecd54a4df.jpg,상품-대표-이미지 1,1,2026-09-22T23:09:02+09:00
5094562,[선물세트] 타무르 데이츠 대추야자 14구 세트,fruits_nuts_rice,https://www.kurly.com/goods/5094562,88,2,https://img-cf.kurly.com/hdims/resize/%3E1010x/quality/90/src/shop/data/goodsview/20211007/gv20000232192_1.jpg,,0,2026-09-22T23:09:02+09:00
5045631,[HBAF] 매일 색다른 먼투썬 하루견과 6주 (20gX42봉),fruits_nuts_rice,https://www.kurly.com/goods/5045631,89,1,https://product-image.kurly.com/hdims/resize/%5E%3E720x%3E936/cropcenter/720x936/quality/85/src/product/image/5ea26602-6bbf-48ac-9a14-cd4ce75af97c.jpg,상품-대표-이미지 1,1,2026-09-22T23:09:13+09:00
5045631,[HBAF] 매일 색다른 먼투썬 하루견과 6주 (20gX42봉),fruits_nuts_rice,https://www.kurly.com/goods/5045631,90,2,https://product-image.kurly.com/hdims/resize/%3E1010x/quality/90/src/product/image/d4e3fcc6-b807-478e-bf57-8a560939d9cf.jpg,,0,2026-09-22T23:09:13+09:00
1001729429,경기미 '특'등급 고시히카리 10kg,fruits_nuts_rice,https://www.kurly.com/goods/1001729429,91,1,https://product-image.kurly.com/hdims/resize/%5E%3E720x%3E936/cropcenter/720x936/quality/85/src/product/image/ab8e6136-9f66-41c6-b5b7-7925b8e8e2d4.jpg,상품-대표-이미지 1,1,2026-09-22T23:09:23+09:00
1001729429,경기미 '특'등급 고시히카리 10kg,fruits_nuts_rice,https://www.kurly.com/goods/1001729429,92,2,https://product-image.kurly.com/hdims/resize/%3E1010x/quality/90/src/product/image/9c981308-66eb-4c42-bae9-00139ea8008b.jpg,,0,2026-09-22T23:09:23+09:00
5056014,햇사레 GAP 황도 복숭아 1.2kg (4~6입),fruits_nuts_rice,https://www.kurly.com/goods/5056014,93,1,https://img-cf.kurly.com/hdims/resize/%5E%3E720x%3E936/cropcenter/720x936/quality/85/src/shop/data/goods/1597823100410l0.jpg,상품-대표-이미지 1,1,2026-09-22T23:09:35+09:00
5056014,햇사레 GAP 황도 복숭아 1.2kg (4~6입),fruits_nuts_rice,https://www.kurly.com/goods/5056014,94,2,https://product-image.kurly.com/hdims/resize/%3E1010x/quality/90/src/product/image/27ee2f94-2a38-4a30-9106-e8756b9f9ff5.jpg,,0,2026-09-22T23:09:35+09:00
5027321,유명산지 천도복숭아 1.2kg (특),fruits_nuts_rice,https://www.kurly.com/goods/5027321,95,1,https://img-cf.kurly.com/hdims/resize/%5E%3E720x%3E936/cropcenter/720x936/quality/85/src/shop/data/goods/1592906805156l0.jpg,상품-대표-이미지 1,1,2026-09-22T23:09:45+09:00
5027321,유명산지 천도복숭아 1.2kg (특),fruits_nuts_rice,https://www.kurly.com/goods/5027321,96,2,https://img-cf.kurly.com/hdims/resize/%3E1010x/quality/90/src/shop/data/goodsview/20200623/gv40000028164_1.jpg,,0,2026-09-22T23:09:45+09:00
5025577,[제스프리] 뉴질랜드 점보 썬골드키위 750g (5입/대과),fruits_nuts_rice,https://www.kurly.com/goods/5025577,97,1,https://img-cf.kurly.com/hdims/resize/%5E%3E720x%3E936/cropcenter/720x936/quality/85/src/shop/data/goods/1653038706463l0.jpeg,상품-대표-이미지 1,1,2026-09-22T23:09:55+09:00
5025577,[제스프리] 뉴질랜드 점보 썬골드키위 750g (5입/대과),fruits_nuts_rice,https://www.kurly.com/goods/5025577,98,2,https://img-cf.kurly.com/hdims/resize/%3E1010x/quality/90/src/shop/data/goodsview/20200529/gv40000022534_1.jpg,,0,2026-09-22T23:09:55+09:00
1000066062,유기농 혼합 9곡 800g (콩없는 혼합 잡곡),fruits_nuts_rice,https://www.kurly.com/goods/1000066062,99,1,https://product-image.kurly.com/hdims/resize/%5E%3E720x%3E936/cropcenter/720x936/quality/85/src/product/image/ce229ec4-e5d3-4c1f-9185-c8835e582e4d.jpg,상품-대표-이미지 1,1,2026-09-22T23:10:05+09:00
1000066062,유기농 혼합 9곡 800g (콩없는 혼합 잡곡),fruits_nuts_rice,https://www.kurly.com/goods/1000066062,100,2,https://product-image.kurly.com/hdims/resize/%3E1010x/quality/90/src/product/image/f0a7ef83-cfb5-459a-bd60-ffcdcaf43b24.jpg,,0,2026-09-22T23:10:05+09:00
