category,product_id,image_order,prev_alt_KOR,BLIP_ENG,BLIP_KOR,GIT_ENG,GIT_KOR,ViT-GPT2_ENG,ViT-GPT2_KOR
bakery,5052044,1,상품-대표-이미지 1,a loaf of bread on a table next to a loaf of bread,빵 한 잔 옆 테이블에 있는 빵 한 잔,a loaf of bread,빵 한 잔,a loaf of bread sitting on top of a table,테이블 위에 앉아 있는 빵 한 잔
bakery,5052044,2,,a loaf of bread on a cutting board,판에 있는 빵,a loaf of bread on a wooden board,나무판에 있는 빵 한 조각,a loaf of bread sitting on top of a wooden cutting board,나무로 만든 절단판 위에 앉아 있는 빵
bakery,1000447291,1,상품-대표-이미지 1,a loaf of bread and a cup of milk,빵과 우유 한 잔,a sandwich and a cup of milk,샌드위치와 한 잔 우유,a loaf of bread sitting on top of a napkin next to a cup of coffee,커피 한 잔 옆에 서랍 위에 앉아 있는 빵 한 잔
bakery,1000447291,2,,a wooden cutting board with slices of bread on it,"나무로 만든 단판, 그 위에 빵 조각이 있습니다.",a cup of milk and some bread on a wooden board,나무판에 우유와 빵 한 잔,a sandwich on a white plate next to a cup of coffee,커피 한 잔 옆에 흰 판에 있는 샌드위치
bakery,5052041,1,상품-대표-이미지 1,a loaf of bread on a piece of parchment,한 조각의 껍데기에 있는 빵,"bread, a traditional bread that ' s made from scratch.",빵은 처음부터 만든 전통 빵입니다.,a piece of bread on a piece of paper,종이 한 조각에 빵 한 조각
bakery,5052041,2,,a loaf of bread on a piece of parchment,한 조각의 껍데기에 있는 빵,a loaf of bread on a cloth.,빵 한 조각을 천 위에 두었습니다.,a sandwich cut in half on a cutting board,썰매판에 반으로 잘린 샌드위치
bakery,5025646,1,상품-대표-이미지 1,sunbu peanut butter spreader,선부 땅콩 버터 스프레더,food is a great idea for a party or a special event.,음식은 파티나 특별한 행사에서 좋은 아이디어입니다.,a variety of food items are displayed on a table,식재료품의 종류가 테이블에 표시 됩니다.
bakery,5025646,2,,three jars of peanut butter spread on a table,식탁에 퍼져있는 땅콩 버터의 3잔,a bowl of peanut butter and peanut butter with a spoon.,땅콩 버터와 땅콩 버터 한 컵을 넣고,a bowl filled with powdered sugar on top of a table,테이블 위에 설탕 분말로 가득한 그릇
bakery,1001501168,1,상품-대표-이미지 1,the new chocolates from atee,아테의 새로운 초콜릿,a collection of products.,제품 집합,a variety of items are displayed on a table,테이블에 다양한 항목이 표시됩니다.
bakery,1001501168,2,,"a plate with cookies, biscuits and a bag of biscuits","쿠키, 쿠키 및 쿠키 봉투",a plate of cookies and some biscuits,쿠키와 쿠키 한 장,a white plate topped with different types of food,다른 종류의 음식으로 덮인 흰 판
bakery,1001556191,1,상품-대표-이미지 1,a plate with a loaf on it,빵을 담은 접시,a plate with a piece of bread on it,빵 조각이 있는 접시,a piece of bread on a plate on a table,테이블 위에 있는 접시에 있는 빵 조각
bakery,1001556191,2,,a plate of bread,빵 한 판,a plate of sliced bread on a table.,테이블에 썰어진 빵의 한 판.,a piece of bread on a plate,한 판에 있는 빵 조각
bakery,1000217187,1,상품-대표-이미지 1,a plate of bread rolls and a bag of bread rolls,빵 롤과 빵 롤의 한 박스,a plate of bread,빵 한 판,a white plate topped with a bunch of different types of bread,흰색 접시로 겹쳐진 빵 종류
bakery,1000217187,2,,a plate of rolls on a table,테이블에 있는 롤의 판,a plate of bread rolls on a table.,테이블에 빵 롤을 한 판.,a white plate topped with a bunch of donuts,둥근 둥근 둥근 둥근 둥근 둥근 둥근 둥근 둥근 둥근 둥근 둥근 둥근 둥근 둥근 둥근 둥근 둥근 둥근 둥근 둥근 둥근 둥근 둥근 둥근 둥근 둥근 둥근 둥근 둥근 둥근 둥근 둥근
bakery,5044138,1,상품-대표-이미지 1,a white plate with a piece of bread on it,"흰색 접시, 그 위에 빵 조각이 있습니다.",a small white plate with a piece of food on it.,"작은 흰색 접시, 그 위에 음식 조각이 있습니다.",a piece of cake on a plate with a sandwich,샌드위치와 함께 한 판에 있는 케이크 조각
bakery,5044138,2,,a loaf of peanut butter bread on a plate,한 판에 땅콩 버터 빵 한 잔,a loaf of bread,빵 한 잔,a piece of cake sitting on top of a white plate,흰 판 위에 앉아 있는 케이크 조각
bakery,5116362,1,상품-대표-이미지 1,a box of green tea with a plate of green tea,녹차 한 박스,a set of green and gold cookies.,녹색과 금색 쿠키,a table topped with a bunch of different colored objects,다른 색상의 물체들로 덮인 테이블
bakery,5116362,2,,matchbox matchbox matchbox matchbox matchbox matchbox matchbox matchbox matchbox matchbox match,,a box of green tea cookies,녹차 쿠키의 상자,a box of doughnuts sitting on top of a table,테이블 위에 앉아 있는 도넛의 상자
bakery,5063069,1,상품-대표-이미지 1,a plate of baked potato chips next to a box of potato chips,칩 박스 옆에 튀긴 감자칩의 한 판,a box with some biscuits on it,킷을 넣은 상자,a white plate with a doughnut on top of it,흰색 접시 위에 도넛이 있는
bakery,5063069,2,,three pieces of bread on a white plate,흰 판에 세 조각의 빵,a plate of food,음식의 접시,a white plate topped with a piece of bread,빵 조각으로 덮인 흰 판
bakery,1000229955,1,상품-대표-이미지 1,the box of ass ass ass ass ass ass ass ass ass ass ass ass ass ass ass ass ass ass,이 똥구멍이 똥구멍이 똥구멍이 똥구멍이 똥구멍이,a box of pastries,케이크 박스,a variety of doughnuts on a tray,트레이에 있는 다뉴트
bakery,1000229955,2,,a box of ass ass ass ass ass ass ass ass ass ass ass ass ass ass ass ass ass ass,똥구멍 똥구멍 똥구멍 똥구멍 똥구멍 똥구멍,a box of cookies and a box of cookies.,쿠키 박스와 쿠키 박스,a table topped with different types of doughnuts,다채로운 도넛으로 덮인 테이블
bakery,5044137,1,상품-대표-이미지 1,a piece of cake next to a box of chocolate,초콜릿 상자 옆에 케이크 조각,a chocolate bar on a cutting board.,판에 있는 초콜릿 바,a piece of cake sitting on top of a table,테이블 위에 앉아있는 케이크 조각
bakery,5044137,2,,a piece of chocolate cake with a fork on a plate,접시에 가이 있는 초콜릿 케이크 조각,a piece of chocolate cake on a plate with a wooden spoon.,나무 이 있는 접시에 있는 초콜릿 케이크 조각.,a piece of cake on a plate on a table,테이블 위에 있는 접시에 있는 케이크 조각
bakery,1001737663,1,상품-대표-이미지 1,a white cake with orange icing on a marble plate,화석판에 오렌지색 얼음으로 된 흰 케이크,a cake with a slice cut out of orange,오렌지 조각으로 썰어 만든 케이크,a white plate topped with a cake on top of a table,테이블 위에 케이크가 덮인 흰 판
bakery,1001737663,2,,a piece of cake with orange sauce on top,위에는 오렌지 소스가 있는 케이크 조각,a cake with orange frosting,오렌지 을 넣은 케이크,a piece of cake sitting on top of a white plate,흰 판 위에 앉아 있는 케이크 조각
bakery,5122986,1,상품-대표-이미지 1,kris kris kris kris kris kris kris kris kris kris kris kris kris kris kris kris kris kris kris kris kris,크리스 크리스 크리스 크리스 크리스 크리스 크리스 크리스 크리스 크리스 크리스 크리스 크리스 크리스 크리스 크리스 크리스 크리스 크리스 크리스 크리스 크리스,a box of glazed donuts,은 도넛의 상자,a box of donuts sitting on top of a table,테이블 위에 앉아 있는 도넛 상자
bakery,5122986,2,,kris kris kris kris kris kris kris kris kris kris kris kris kris kris kris kris kris kris kris kris kris,크리스 크리스 크리스 크리스 크리스 크리스 크리스 크리스 크리스 크리스 크리스 크리스 크리스 크리스 크리스 크리스 크리스 크리스 크리스 크리스 크리스 크리스,a box of doughnuts on a table with a box of doughnuts in the background.,"테이블에 있는 도넛 박스, 배경에는 도넛 박스.",a box of donuts on a table,테이블에 있는 도넛 박스
bakery,1000894225,1,상품-대표-이미지 1,a loaf of bread with a bag of bread in the background,빵의 한 조각은 배경에 빵의 한 가방이 있습니다.,a loaf of bread on a cutting board,판에 있는 빵,a loaf of bread sitting on top of a piece of paper,종이 한 조각 위에 앉아 있는 빵
bakery,1000894225,2,PC_mildo_toast_241018_01.jpg,a loaf of bread on a cutting board,판에 있는 빵,a loaf of bread on a cutting board,판에 있는 빵,a loaf of bread sitting on top of a cutting board,판 위에 앉아 있는 빵 한 조각
bakery,1000637683,1,상품-대표-이미지 1,two jars of peanut butter and a bowl of peanut butter,두 잔 땅콩 버터와 한 그릇 땅콩 버터,a picture of some food.,음식의 사진입니다.,a table topped with a plate of food and a spoon,음식과 이 있는 테이블
bakery,1000637683,2,,peanut butter butter sauce,땅콩 버터 소스,two bowls of soup on a table.,테이블에 두 그릇의 수프가 놓여 있습니다.,a bowl of soup and a spoon on a table,식탁에 있는 과 한
bakery,1000831954,1,상품-대표-이미지 1,three plates with pastries and pastries on them,빵과 빵을 넣은 세 개의 접시,a plate of bread and pastries on a table.,테이블에 빵과 케이크의 한 판이 있습니다.,plates of food on a table,테이블에 있는 음식 접시
bakery,1000831954,2,,a plate with two pieces of bread and a piece of bread,빵 한 조각과 빵 한 조각이 들어있는 접시,a sandwich on a plate,접시에 있는 샌드위치,two pieces of bread sit on a white plate,두 조각의 빵은 흰 판에 앉아 있습니다.
bakery,5132010,1,상품-대표-이미지 1,a box of cookies with a package of cookies,쿠키 패키지 있는 쿠키 박스,a box of cookies with a box of cookies in the background.,배경에 쿠키 박스가 있는 쿠키 박스,a table topped with different types of doughnuts,다채로운 도넛으로 덮인 테이블
bakery,5132010,2,,a box of cookies with chocolate and a package of cookies,초콜릿과 쿠키의 상자와 쿠키의 패키지,a box of cookies with a box of cookies in the background.,배경에 쿠키 박스가 있는 쿠키 박스,a table topped with a box filled with ice cream,아이스크림으로 가득한 상자 위에 있는 테이블
bakery,5007270,1,상품-대표-이미지 1,a table topped with bread and a cup of tea,빵과 한 잔의 잔을 얹은 테이블,a plate of food with a fork on it,갈고리 있는 음식 접시,a piece of bread on a plate next to a cup of coffee,커피 한 잔 옆에 있는 접시에 있는 빵 조각
bakery,5007270,2,,"a plate with bread, bread and a glass of wine",빵과 빵과 포도주 한 잔을 넣은 접시,a plate of food with a fork and knife on it.,갈고리와 칼을 들고 있는 음식 접시,a plate of food on a table,테이블에 있는 음식의 접시
bakery,1002104461,1,상품-대표-이미지 1,butter & shell shortbreads,버터 & 껍질 단빵,a plate of cookies and a box of cheese.,쿠키 한 판과 치즈 한 상자,a plate of food on a table,테이블에 있는 음식의 접시
bakery,1002104461,2,,a plate with three sandwiches on it,3개의 샌드위치가 있는 접시,a plate of food with a hot dog and cheese sandwich on it.,핫도그와 치즈 샌드위치를 넣은 음식 접시.,a white plate topped with two sandwiches on a table,테이블에 두 개의 샌드위치가 달린 흰 판
bakery,1000659491,1,상품-대표-이미지 1,a bagel and four bagels on a plate,한 바젤과 한 판에 네 바젤,a bag of bagels and bagels on a green table.,녹색 테이블에 바젤과 바젤의 가방이 있습니다.,a white plate topped with donuts next to a cup of coffee,커피 한 잔 옆에 도넛으로 덮인 흰 판
bakery,1000659491,2,,a wooden cutting board with four bagels on it,나무로 만든 4개의 바젤을 깎는 보드,a wooden board with bread on it,빵이 있는 나무판,doughnuts on a wooden cutting board,나무로 만든 단추판
bakery,5074339,1,상품-대표-이미지 1,a box of cookies with a small white box,작은 흰색 상자를 가진 쿠키 상자,a cookie and a bag of cookies on a table,테이블에 쿠키와 쿠키 가방,a doughnut sitting on top of a white plate,흰 판 위에 앉아 있는 도넛
bakery,5074339,2,,two pieces of cake on a white plate,흰 판에 두 조각의 케이크,a slice of cake,케이크 조각,two pieces of cake sitting on top of a white plate,흰 판 위에 앉아 있는 케이크의 두 조각
bakery,1000794499,1,상품-대표-이미지 1,three pieces of cake on a plate with a box of chocolate,초콜릿 상자를 넣은 접시에 세 조각의 케이크,a cake and a fork are sitting on a tray.,케이크와 가시가 트레이에 앉아 있습니다.,a table topped with a birthday cake and a cupcake,생일 케이크와 컵케이크가 달린 테이블
bakery,1000794499,2,,a plate of cake and a plate of cake,케이크의 한 판과 케이크의 한 판,a plate of cake with a fork on it,이 있는 케이크 접시,a piece of cake sitting on top of a white plate,흰 판 위에 앉아 있는 케이크 조각
bakery,5003416,1,상품-대표-이미지 1,a box of baked pastries next to a box of baked pastries,굽은 떡 떡 떡 떡 떡 떡 떡 떡 떡 떡 떡 떡 떡 떡 떡 떡 떡 떡 떡 떡 떡 떡 떡 떡 떡 떡 떡 떡 떡 떡 떡 떡 떡 떡 떡 떡 떡 떡 떡 떡 떡 떡 떡 떡 떡 떡 떡 떡,a tray of food on a table.,테이블에 있는 음식의 트레이,a tray of cookies and muffins on a table,테이블에 있는 쿠키와 마핀의 트레이
bakery,5003416,2,,a box of doughs with a spoon and a napkin,한 과 냅킨이 있는 반죽 박스,a tray of small pastries on a table.,테이블에 작은 케이크의 타일,a tray of muffins on a table,테이블에 있는 마핀의 트레이
bakery,1000234669,1,상품-대표-이미지 1,philadelphia cream butter,필라델피아 크림 버터,the cream of the month,달의 크림,a table topped with lots of different types of food,여러 종류의 음식으로 덮인 테이블
bakery,1000234669,2,,a container of cream and a container of cream,크림 용기와 크림 용,a picture of a frozen yogurt and cream.,냉동 요거트와 크림의 사진,a white bowl filled with milk next to a cup of ice cream,우유로 가득한 흰 그릇과 함께 아이스크림 한 잔
bakery,5071363,1,상품-대표-이미지 1,a jar of strawberry jam on a white surface,흰색 표면에 있는 딸기 의 한 잔,a jar of jam,한 잔,a jar of honey sitting on top of a table,테이블 위에 앉아 있는 꿀 한 잔
bakery,5071363,2,,a jar of strawberry jam on a white surface,흰색 표면에 있는 딸기 의 한 잔,a jar of jam,한 잔,a jar of honey sitting on top of a table,테이블 위에 앉아 있는 꿀 한 잔
bakery,5097791,1,상품-대표-이미지 1,a plate of mini pastries with a box of pastries,소형 케이크의 접시와 케이크의 상자,a box of food on a tray.,트레이에 있는 음식 상자.,a tray of doughnuts sitting on top of a table,테이블 위에 앉아 있는 도넛의 트레이
bakery,5097791,2,,mini cheese tarts with jam jam,,a plate of food with a pastry inside of it.,음식 접시 안에 케이크가 있는,a plate of food on a table,테이블에 있는 음식의 접시
bakery,1000321559,1,상품-대표-이미지 1,three jars of peanut butter spread on a table,식탁에 퍼져있는 땅콩 버터의 3잔,the cream of the month,달의 크림,a table topped with a bowl filled with food,음식으로 가득 차 있는 그릇으로 덮인 테이블
bakery,1000321559,2,,two bowls of peanut sauce on a table,한 테이블에 두 그릇의 땅콩 소스가 있습니다.,a bowl of creamy soup with a creamy textured caramel sauce.,크림 과 크림 이 된 카라멜 소스를 넣는 그릇,a bowl of soup with a spoon in it,한 이 들어있는 수프 그릇
bakery,5131242,1,상품-대표-이미지 1,a plate with cracks and a piece of bread,틈이 있는 접시와 빵 조각,a recipe for a traditional recipe.,전통적인 요리법의 요리법입니다.,a plate of food on a table,테이블에 있는 음식의 접시
bakery,5131242,2,,a plate of biscuits and a plate of biscuits,쿠키의 접시와 쿠키의 접시,a plate of crackers and crackers on a table.,테이블에 과 을 한 판.,two pieces of bread are sitting on a plate,빵의 두 조각은 접시에 앉아 있습니다.
bakery,5043336,1,상품-대표-이미지 1,the body shop body scrubs,카디샵 카디스 스크러브,the products for the new season,새로운 시즌에 대한 제품,a table topped with lots of different types of doughnuts,다채로운 도넛 종류가 있는 테이블
bakery,5043336,2,,the body shop ' s new body scrubs,카디샵의 새로운 카디스크,the flavors of ice cream,아이스크림의 맛,a table filled with lots of different colored jars,다양한 색의 그릇으로 가득한 테이블
bakery,1000634077,1,상품-대표-이미지 1,three donuts and a box of donuts,3개의 도넛과 1개의 상자 도넛,a box of cupcakes and a box of pastries on a table.,테이블에 케이크와 케이크의 상자,a variety of doughnuts on a table,테이블에 있는 다뉴트
bakery,1000634077,2,,a plate with four different types of cupcakes,4가지 종류의 케이크를 한 판,a plate of desserts with different types of pastries on it.,다른 종류의 케이크를 넣은 디저트 접시,doughnuts are on a plate on a table,도넛은 테이블에 있는 접시에 있습니다.
bakery,1001493094,1,상품-대표-이미지 1,three jars of nut green peanut butter spread on a gray surface,회색 표면에 펼쳐진 3개의 은 견과류 녹색 땅콩 버터,the flavors of nuts and nuts,견과류와 견과류의 맛,a table topped with a bowl filled with food,음식으로 가득 차 있는 그릇으로 덮인 테이블
bakery,1001493094,2,,three jars of peanut butter spreaders,땅콩 버터 스프레이더 3잔,the cream sauce is a popular choice for the season.,크림 소스는 시즌에 인기 있는 선택입니다.,a table topped with bowls filled with food,음식으로 가득 차 있는 그릇으로 덮인 테이블
bakery,1000352096,1,상품-대표-이미지 1,a bag of bread next to a plate of bread,빵 접시 옆에 빵 가방,a bag of bread on a table,테이블에 빵의 가방,a sandwich on a white plate next to a cup of coffee,커피 한 잔 옆에 흰 판에 있는 샌드위치
bakery,1000352096,2,,a bag of bread next to a bag of bread,빵 가방 옆에 빵 가방,a plate of bread and a bag of chips,빵과 칩의 한 박스,a white plate topped with a sandwich and a cup of coffee,샌드위치와 커피 한 잔으로 덮인 흰 판
bakery,1002202568,1,상품-대표-이미지 1,the face shop snail snail snail snail snail snail snail snail snail snail snail snail snail snail snail snail snail snail,얼굴 가게 갈 갈 갈 갈 갈 갈 갈 갈 갈 갈 갈 갈 갈 갈,the products you need to know,당신이 알아야 할 제품,a table topped with three different types of doughnuts,3가지 종류의 도넛으로 겹쳐진 테이블
bakery,1002202568,2,,a cup of coffee next to a bag of coffee,커피 한 잔 옆에 커피 한 잔,a cup of coffee with a lid and a spoon.,뚜과 을 넣은 커피 한 잔.,a piece of cake sitting on top of a table next to a cup of coffee,커피 한 잔 옆에 테이블 위에 앉아있는 케이크 조각
bakery,1000870987,1,상품-대표-이미지 1,a couple of bowls with a heart shaped container,심장 모양의 용기 있는 한 쌍의 그릇,a cake for a special occasion.,특별한 행사로 케이크를 만들어,a table topped with cakes and cupcakes,케이크와 케이크로 덮인 테이블
bakery,1000870987,2,pc_Holiday-Edition_24_01.jpg,a red box with a cake and a cup of chocolate,케이크와 초콜릿 한 잔의 빨간 상자,the most popular desserts in the world,세계에서 가장 인기있는 디저트,a table topped with a cup of coffee next to a bag of cookies,"커피 한 잔이 겹쳐 있는 테이블, 쿠키 한 가방 옆에 있는 테이블"
bakery,5138995,1,상품-대표-이미지 1,a white box with a brown and white soap on it,갈색과 흰색의 비누가 있는 흰 상자,a cheese that looks like a box of cheese,치즈 상자처럼 보이는 치즈,a piece of cake sitting on top of a piece of paper,종이 조각 위에 앉아있는 케이크 조각
bakery,5138995,2,,a block of cheese on a wooden cutting board,나무로 만든 단판에 있는 치즈 블록,a wooden board with bread on it,빵이 있는 나무판,a wooden cutting board with a sandwich on it,나무로 만든 단판과 샌드위치
bakery,5040946,1,상품-대표-이미지 1,macaro macaro macaro macaro macaro macaro macaro macaro macaro macaro macaro macaro macaro macaro mac,마카로 마카로 마카로 마카로 마카로 마카로 마카로 마카로 마카로 마카로,a plate of cookies and cookies on a table.,테이블에 쿠키와 쿠키의 한 판이 있습니다.,a plate of food on a table,테이블에 있는 음식의 접시
bakery,5040946,2,,macaro macaroes with macaroes and macaroes,마카로 마카로와 마카로,a plate of colorfully decorated cookies and pink and gold and green and gold cookies.,"색채로 장식된 쿠키, 분홍색과 금색과 녹색과 금색 쿠키의 접시",a white plate topped with different types of donuts,다른 종류의 도넛으로 덮인 흰 판
bakery,5128440,1,상품-대표-이미지 1,a loaf of bread on a cutting board,판에 있는 빵,a loaf of bread on a cutting board,판에 있는 빵,a loaf of bread sitting on top of a table,테이블 위에 앉아 있는 빵 한 잔
bakery,5128440,2,,sliced loaf of bread on a cutting board,판에 썰어 만든 빵,a bunch of sliced bread on a wooden board.,나무판에 썰어진 빵을 다.,a loaf of bread sitting on top of a cutting board,판 위에 앉아 있는 빵 한 조각
bakery,1001737665,1,상품-대표-이미지 1,a chocolate cake with a slice missing from it,초콜릿 케이크가 없어진 조각이,a chocolate cake with white chocolate frosting and berries,흰색 초콜릿 과 열매가 있는 초콜릿 케이크,a chocolate cake with frosting on top of it,초콜릿 케이크 위에 얼음과 함께
bakery,1001737665,2,,a cake with chocolate and berries on top,초콜릿과 베리를 넣은 케이크,a cake with berries and chocolate frosting.,과자와 초콜릿 을 넣은 케이크,a piece of cake on a plate on a table,테이블 위에 있는 접시에 있는 케이크 조각
bakery,1000220024,1,상품-대표-이미지 1,ham and cheese sliders,햄과 치즈 슬라이더,a plate of baked buns,굽은 빵 한 판,a white plate topped with a sandwich on a table,테이블에 샌드위치로 덮인 흰 판
bakery,1000220024,2,,ham and cheese sliders,햄과 치즈 슬라이더,a plate of sandwiches on a table.,테이블에 샌드위치 한 판이 있습니다.,a white plate topped with a bunch of different types of bread,흰색 접시로 겹쳐진 빵 종류
bakery,1001194675,1,상품-대표-이미지 1,three jars of honey butter and a small bowl of honey butter,꿀 버터 3잔과 꿀 버터 한 그릇,food is a great idea to make it.,음식을 만드는 것이 좋은 아이디어입니다.,a table topped with jars filled with food,음식으로 가득 차 있는 그릇으로 덮인 테이블
bakery,1001194675,2,,three jars of peanut butter with a spoon,한 푼으로 땅콩 버터의 3잔,food is a popular dish.,음식은 대중적인 음식입니다.,a bowl of soup and a spoon on a table,식탁에 있는 과 한
bakery,1000128336,1,상품-대표-이미지 1,a loaf of bread on a napkin,한 떡 에 있는 빵,a loaf of bread on a towel.,에 빵 한 조각.,a loaf of bread sitting on top of a napkin,한 빵 한 잔은 serviette 위에 앉아
bakery,1000128336,2,,a loaf of bread with nuts on top,윗부분에 견과류가 있는 빵,a loaf of bread,빵 한 잔,a loaf of bread sitting on top of a napkin,한 빵 한 잔은 serviette 위에 앉아
bakery,1000400055,1,상품-대표-이미지 1,what ' s better? mini cheeses,더 좋은 것은?,a plate of food items with different types of food on it.,음식물 접시에는 다양한 종류의 음식이 들어 있습니다.,a variety of food items displayed on a table,테이블에 표시되는 다양한 음식물
bakery,1000400055,2,,a plate with a variety of macaroes and macaroes,다양한 마카로와 마카로로로 만든 접시,a plate of food with different pastries on it.,다른 케이크를 넣은 음식 접시,a plate of food on a table,테이블에 있는 음식의 접시
bakery,1000528793,1,상품-대표-이미지 1,a bag of bagels and some bread,바젤과 빵 한 가방,a bag of bagels sitting on a table.,테이블에 앉아 있는 바젤 가방,a table topped with a bagel and some bread,바젤과 빵으로 덮인 테이블
bakery,1000528793,2,,a plate with four bagels on it,4개의 바젤이 있는 접시,a bagel and bagels on a plate on a table,테이블에 있는 접시에 있는 바젤과 바젤,doughnuts on a plate,접시에 있는 도넛
bakery,5057085,1,상품-대표-이미지 1,a box of chocolates with a box of chocolates,초콜릿 상자와 함께 있는 초콜릿 상자,the box of the company,회사의 상자,a variety of food items displayed on a wall,벽에 표시 된 다양한 음식물
bakery,5057085,2,,a plate of chocolates and a box of chocolates,초콜릿 접시와 초콜릿 박스,a plate of three chocolate covered pastries.,초콜릿으로 덮인 세 개의 케이크로 된 접시.,a piece of chocolate cake sitting on top of a white plate,흰 판 위에 앉아 있는 초콜릿 케이크 조각
bakery,1001385477,1,상품-대표-이미지 1,the four jars of jams on a wooden cutting board,나무로 만든 절단판에 있는 4개의,the ingredients for the season.,시즌에 필요한 재료,a table topped with lots of different types of food,여러 종류의 음식으로 덮인 테이블
bakery,1001385477,2,,three jars of jams and a bowl of jam jam,3개의 잔의 자메와 한 그릇의 자메,the ingredients for the recipe,레시피의 재료,a table topped with lots of different types of food,여러 종류의 음식으로 덮인 테이블
bakery,5012764,1,상품-대표-이미지 1,two white and yellow rolls on a plate,한 판에 두 개의 흰색과 노란색 롤,a traditional dish with a lemon and a white flower.,레몬과 흰색 꽃이 들어있는 전통적인 요리입니다.,a white plate topped with a piece of bread next to a vase filled with flowers,꽃으로 가득한 바즈 옆에 빵 조각으로 덮인 흰 판
bakery,5012764,2,,a white plate with a loaf and a cup of coffee,빵과 커피 한 잔을 넣은 흰 판,a table with a plate of food and a cup of tea,식탁과 한 잔의 차,a white plate topped with a sandwich and a cup of coffee,샌드위치와 커피 한 잔으로 덮인 흰 판
bakery,1000196053,1,상품-대표-이미지 1,a loaf of bread on a cutting board,판에 있는 빵,a bagel with a wooden handle and a wooden spoon,나무 손잡이와 나무 스푼이 있는 바젤,a piece of bread with a knife on top of it,이 위에 있는 빵 조각
bakery,1000196053,2,,two pieces of bread with green peppers on a cutting board,판에 녹추가 있는 빵 두 조각,a picture of a bread with olives and cheese.,올리브와 치즈로 만든 빵의 사진입니다.,two pieces of bread are sitting on a cutting board,두 조각의 빵이 절단판에 앉아 있습니다.
bakery,1000635372,1,상품-대표-이미지 1,two jars of peanut butter spread on a wooden tray,나무 트레이에 두 잔 땅콩 버터를 뿌리,a basket of nuts and a bowl of nut cream.,견과류 한 바구리와 견과류 크림 한 그릇,a bowl of food on a table with a spoon,식탁에 있는 식구 그릇
bakery,1000635372,2,,a bowl of peanut sauce with nuts on a blue towel,파란색  तौ레에 견과류가 있는 땅콩 소스 한 그릇,a bowl of food with nuts and nuts,견과류와 견과류를 넣은 식구,a bowl of soup with a spoon in it,한 이 들어있는 수프 그릇
bakery,5115048,1,상품-대표-이미지 1,three jars of jams with a spoon and spoon,한 푼과 한 푼으로 3잔의,the jar of fruit juice,과일 수의 병,a table topped with lots of different types of food,여러 종류의 음식으로 덮인 테이블
bakery,5115048,2,,jams and jams from the jam jam jam jam jam jam jam jam jam jam jam jam jam jam jam jam jam jam jam jam jam jam jam jam jam jam jam jam jam jam jam jam jam jam jam jam jam jam jam jam jam jam jam,,the products you can use to make your own.,직접 만들 수 있는 제품입니다.,a table topped with lots of different types of food,여러 종류의 음식으로 덮인 테이블
convenience_meals,1001207466,1,상품-대표-이미지 1,a table with a bowl of food and a menu,식탁과 메뉴가 있는 그릇,a table with a pan of food and a menu on it,식재료로 된 테이블과 메뉴가 있는 테이블,a pot of food is sitting on a table,식구 한 냄비는 테이블에 앉아 있습니다.
convenience_meals,1001207466,2,,"a bowl of food with meat, beans and cheese","고기, 콩 및 치즈로 된 음식 그릇",a bowl of meat and noodles with a side of noodles.,한 그릇의 고기와 누드러와 함께 누드러,a pot of food on a stove top,오븐 위에 있는 음식 냄비
convenience_meals,5156742,1,상품-대표-이미지 1,two bowls of noodles and chicken with chops,두 그릇의 누드러와 닭고기,two bowls of food with chopsticks on a table.,테이블에 을 들고 있는 음식의 두 그릇.,a bowl of soup and a bowl of noodles on a table,테이블에 있는 과 누드러의 그릇
convenience_meals,5156742,2,,two bowls of soup with meat and vegetables,고기와 채소로 만든 두 그릇의 수프,a bowl of soup with meat and vegetables.,고기와 채소로 만든 수프 그릇,a bowl of pasta and vegetables on a table,테이블에 있는 파스타와 채소 그릇
convenience_meals,1000572062,1,상품-대표-이미지 1,a pot of beef and vegetable soup next to a tray of meat,고기 접시 옆에 쇠고기와 채소 수프의 냄비,a large pot of beef stew with vegetables and meat.,야채와 고기를 넣은 큰 고기 튀김,a pan filled with meat and vegetables on top of a table,테이블 위에 고기와 채소로 가득한 냄비
convenience_meals,1000572062,2,,a pot of beef and vegetable soup with noodles,쇠고기와 채소 수프로 만든,a pot of beef and broth with noodles in it.,과 소고기 을 넣고,a pot filled with meat and vegetables on top of a stove,오븐 위에 고기와 채소로 가득한 냄비
convenience_meals,1000811962,1,상품-대표-이미지 1,a pan of shrimp and vegetable stew with a tray of vegetables,과 채소 튀김으로 된 과 채소 트레이,a bowl of food with shrimps and other foods in it.,새우와 다른 음식이 들어있는 음식 그릇,a pot of soup is sitting on a table,한 냄비의 수프는 테이블에 앉아 있습니다.
convenience_meals,1000811962,2,,a pan of shrimp and vegetable stew with a spoon,한 으로 은 새우와 채소 튀김,a bowl of food with shrimps and greens.,새우와 초록색으로 된 음식 그릇,a pot filled with lots of food on top of a table,테이블 위에 많은 음식으로 가득한 냄비
convenience_meals,1001502057,1,상품-대표-이미지 1,a bowl of rice with shrimp and vegetables,쌀과 새우와 채소를 넣은 그릇,a bowl of rice with shrimps and rice,쌀과 새우를 넣은 그릇,a bowl of noodles and a bowl of rice,과 쌀 한 그릇
convenience_meals,1001502057,2,,shrimp and rice piona,새우와 쌀 피오나,a bowl of rice with shrimp and rice,쌀과 새우를 넣은 그릇,a white bowl filled with rice and vegetables,쌀과 채소로 가득한 흰 그릇
convenience_meals,5050290,1,상품-대표-이미지 1,a bowl of kimbak with chops and chops,과 을 넣은 킴박 그릇,a recipe for chicken and chicken.,닭고기 요리법,a bowl filled with pasta and vegetables on a table,테이블에 있는 파스타와 채소로 가득한 그릇
convenience_meals,5050290,2,,a white plate topped with kimchi with chops,이 있는 킴치로 덮인 흰 판,a bowl of food with a sauce on it.,소스를 넣은 그릇,a bowl filled with meat and vegetables on top of a table,테이블 위에 고기와 채소로 가득한 그릇
convenience_meals,1001946226,1,상품-대표-이미지 1,a bowl of rice and a bag of sauce,쌀과 소스 한 방,a bowl of food with a wooden spoon,나무 이 있는 음식 그릇,a bowl of food on a table,테이블에 있는 음식 그릇
convenience_meals,1001946226,2,,a bowl of rice with greens and a wooden spoon,초록색과 목재 한 을 넣은 쌀 그릇,a bowl of rice with a spoon and spoon on a towel.,한 과 한 이 수면에 있는 쌀 그릇,a bowl of food on a table with a spoon,식탁에 있는 식구 그릇
convenience_meals,1000765126,1,상품-대표-이미지 1,a plate of food with a book and a napkin,책과 냅킨을 가진 음식의 접시,a plate of food.,음식 한 장.,a plate of food on a table,테이블에 있는 음식의 접시
convenience_meals,1000765126,2,,a plate of fried chicken and vegetable dumps,튀긴 닭고기 및 채소 쓰레기 접시,a plate of food on a table.,테이블에 음식의 한 판이 있습니다.,two plates of food on a table,테이블에 두 개의 음식 접시
convenience_meals,5090388,1,상품-대표-이미지 1,a bowl of noodles and a bowl of soup,과 수프 한 그릇,a bowl of soup with noodles and noodles.,과 을 넣은 그릇,a bowl of soup and a bowl of noodles,수프 한 그릇과 누드러 한 그릇
convenience_meals,5090388,2,,a bowl of soup with tofu and chops,토푸와 을 넣은 수프 그릇,a bowl of soup with meat and noodles.,고기와 누드러를 넣은 수프 그릇,a bowl filled with soup and vegetables on top of a table,테이블 위에 수프와 채소로 가득한 그릇
convenience_meals,5066426,1,상품-대표-이미지 1,six plastic containers filled with different types of food,다양한 종류의 음식으로 가득한 플라스틱 용기 6개,a container of food with a variety of vegetables in the top.,위에는 다양한 채소를 넣은 음식 용기,a variety of foods are displayed on a tray,다양한 음식물 이 트레이 에 표시 됩니다
convenience_meals,5066426,2,,a variety of salads in plastic containers,플라스틱 용기 안에 있는 다양한 샐러드,a selection of lunches,점심 식사 선택,a variety of foods are arranged on a table,테이블에 다양한 음식들이 배치되어 있습니다.
convenience_meals,5073094,1,상품-대표-이미지 1,a bowl of noodles with meat and vegetables,고기와 채소로 만든,a bowl of soup with meat and vegetables,고기와 채소로 만든 수프 그릇,a bowl of soup and a bowl of rice on a table,테이블에 있는 수프와 쌀의 그릇
convenience_meals,5073094,2,,a bowl of noodles with meat and vegetables,고기와 채소로 만든,a bowl of noodles with meat and vegetables,고기와 채소로 만든,a bowl of soup on a wooden table,나무 테이블에 있는 수프 그릇
convenience_meals,1002066864,1,상품-대표-이미지 1,a bowl of noodles with chops on a red napkin,붉은 냅킨에 을 넣은 이,a bowl of soup with chopsticks on a napkin.,한 그릇의 수프와 접시 위에 스틱이 있습니다.,a white bowl filled with noodles next to chopsticks,스틱 옆에 스틱으로 가득한 흰 그릇
convenience_meals,1002066864,2,,a bowl of noodles and sauce on a red napkin,빨간색 냅킨에 과 소스를 넣는 그릇,a bowl of chicken noodle soup with chicken and chicken.,닭고기와 닭고기를 넣은 닭고기  수프 한 그릇,a white bowl filled with pasta and sauce,파스타와 소스로 가득한 흰 그릇
convenience_meals,5060255,1,상품-대표-이미지 1,a bowl of noodles and meat with chops,과 고기 한 그릇,a bowl of noodles and chopsticks with chopsticks on a napkin.,과 을 한 그릇으로 을 한 바늘에 을 넣는다.,a bowl of noodles and a spoon on a table,테이블에 과 스푼을 넣고
convenience_meals,5060255,2,,a bowl of noodles and meat with chops,과 고기 한 그릇,a bowl of noodles with noodles and noodles.,과 을 넣은 을 넣고,a bowl of noodles and a bowl of meat on a table,테이블에 있는 과 고기 그릇
convenience_meals,1000942597,1,상품-대표-이미지 1,a white bowl filled with noodles and chicken,과 닭고기로 가득한 흰 그릇,a bowl of noodles with meat and vegetables.,고기와 채소로 만든 을 먹는다.,a bowl of noodles with chopsticks on a table,테이블에 을 넣은 을 넣는 그릇
convenience_meals,1000942597,2,,a bowl of chicken alfredo with noodles and sauce,닭고기 알프레도 그릇과 누드러와 소스,a bowl of chicken noodle with chicken and chicken,닭고기와 닭고기 함께 만든 닭고기 누드러,a white bowl filled with pasta and vegetables,파스타와 채소로 가득한 흰 그릇
convenience_meals,1001861172,1,상품-대표-이미지 1,two bowls of chicken noodle soup with chops on the side,2개의 그릇의 치킨 누드루 수프와 옆면에 이 있습니다,a bowl of noodles with mushrooms and mushrooms.,버섯과 버섯을 넣은 을 넣고,a bowl filled with pasta and vegetables on a table,테이블에 있는 파스타와 채소로 가득한 그릇
convenience_meals,1001861172,2,,a bowl of noodles with meat and vegetables,고기와 채소로 만든,a bowl of noodles with noodles and meat in it.,과 고기를 넣은 을 넣고,a bowl filled with pasta and vegetables on top of a table,테이블 위에 파스타와 채소로 가득한 그릇
convenience_meals,5009669,1,상품-대표-이미지 1,four jars of salads with lids,4개의 샐러드 병과 뚜,the products for the week,주간의 제품,different types of food on a table,테이블에 있는 다양한 종류의 음식
convenience_meals,5009669,2,,four plates with different types of salads,다른 종류의 샐러드를 가진 네 개의 접시,a table topped with plates of food.,음식으로 덮인 테이블,a table topped with plates of food,음식으로 덮인 테이블
convenience_meals,5135831,1,상품-대표-이미지 1,"three containers of food with rice, vegetables and meat","쌀, 채소 및 육류를 포함하고 있는 음식 용량의 3개",three containers of food with rice and a purple cover.,쌀과 보라색 덮개로 3개의 음식 용기,a variety of foods are arranged on a table,테이블에 다양한 음식들이 배치되어 있습니다.
convenience_meals,5135831,2,,"three containers of food with rice, meat and vegetables","쌀, 육류 및 채소를 포함한 3개의 컨테이너",a meal for two of the most popular dishes,가장 인기있는 요리에 대한 식사,a variety of foods are displayed on a tray,다양한 음식물 이 트레이 에 표시 됩니다
convenience_meals,1002361676,1,상품-대표-이미지 1,a bowl of chicken curry next to a basket of naan,한 그릇의 닭고기 커리 옆에 한 바구니의 naan,a bowl of chicken and bread.,닭고기와 빵 한 그릇,a pot of food sitting on top of a table,테이블 위에 앉아 있는 음식 냄비
convenience_meals,1002361676,2,,a bowl of chicken curry next to some pitons,몇 개의 피톤 옆에 닭고기 커리 한 그릇,a recipe for a traditional dish.,전통적인 요리를 위한 요리법입니다.,a pan filled with lots of food on top of a table,테이블 위에 많은 음식으로 가득한 냄비
convenience_meals,1000127954,1,상품-대표-이미지 1,five bags of chips and chips on a white surface,흰색 표면에 있는 5개의 칩,the food of the month,달의 음식,a variety of food items are displayed on a table,식재료품의 종류가 테이블에 표시 됩니다.
convenience_meals,1000127954,2,,three burritoos on a plate,한 판에 세 개의 버리토,a plate with some food on it,음식이 있는 접시,a plate of food on a table,테이블에 있는 음식의 접시
convenience_meals,5049405,1,상품-대표-이미지 1,a bowl of chicken and vegetables with chops,닭고기와 채소 한 그릇,a bowl of food with a spoon and spoon.,한 과 한 을 넣은 음식 그릇,a white bowl filled with meat and vegetables,고기와 채소로 가득한 흰 그릇
convenience_meals,5049405,2,,a bowl of stew with vegetables and meat,채소와 고기를 넣은 을,a bowl of food with meat and vegetables.,고기와 채소를 넣은 음식 그릇,a bowl filled with meat and vegetables on top of a table,테이블 위에 고기와 채소로 가득한 그릇
convenience_meals,1001191650,1,상품-대표-이미지 1,the ingredients for the healthy snack,건강한 간식을 위한 재료,the most popular snacks in the world,세계에서 가장 인기있는 간식,a table topped with plates of food,음식으로 덮인 테이블
convenience_meals,1001191650,2,,a variety of snacks on a purple background,보라색 배경에 있는 다양한 간식,the food is a must - have for - eat,음식은 꼭 먹어야 합니다,a table topped with different types of food,다른 종류의 음식으로 덮인 테이블
convenience_meals,1001929136,1,상품-대표-이미지 1,a plate of chicken with sauce and chops,소스와 을 넣은 닭고기 접시,a plate of food with chopsticks on it.,스틱을 넣은 음식의 접시,a plate of food on a table,테이블에 있는 음식의 접시
convenience_meals,1001929136,2,,a plate of chicken with sauce and chops,소스와 을 넣은 닭고기 접시,a plate of food with a fork on it.,갈고리 있는 음식 접시,a plate of food on a table,테이블에 있는 음식의 접시
convenience_meals,1002309661,1,상품-대표-이미지 1,a bowl of chicken with sauce and vegetables,소스와 채소로 만든 닭고기 그릇,a plate of food with chicken and vegetables.,닭고기와 채소를 넣은 음식 접시,a bowl filled with pasta and vegetables on top of a table,테이블 위에 파스타와 채소로 가득한 그릇
convenience_meals,1002309661,2,,a plate of food with meat and greens,고기와 채소를 넣은 음식 접시,a plate of food with meats and vegetables,고기와 채소를 넣은 음식 접시,a bowl filled with meat and vegetables on top of a table,테이블 위에 고기와 채소로 가득한 그릇
convenience_meals,1001401863,1,상품-대표-이미지 1,a bowl of rice and a bag of rice,쌀 한 그릇과 쌀 한 가방,a bowl of rice with a menu on the side,옆쪽에 메뉴가 있는 쌀 그릇,a bowl of food on a table,테이블에 있는 음식 그릇
convenience_meals,1001401863,2,,a bowl of rice with carrots and onions,당근과 양파를 넣은 쌀 그릇,how to make a dish,어떻게 요리를 만들 수 있는지,a bowl filled with rice and vegetables on a table,테이블에 있는 쌀과 채소로 가득한 그릇
convenience_meals,1001150374,1,상품-대표-이미지 1,three wraps of the new vega wraps,새로운 베가 팩의 3개의 팩,the best of food,가장 좋은 음식,a variety of food on a table,테이블에 있는 다양한 음식
convenience_meals,1001150374,2,,a plate with three burrs and a burr,3개의 버스와 버스가 있는 접시,a picture of a plate with food on it,음식이 있는 접시의 사진,a plate of food on a table,테이블에 있는 음식의 접시
convenience_meals,1001837821,1,상품-대표-이미지 1,a white plate topped with meat and sauce,고기와 소스를 넣은 흰 판,a plate of food with a scoop of ice cream.,아이스크림 한 잔의 음식 접시,a plate of food on a table,테이블에 있는 음식의 접시
convenience_meals,1001837821,2,,a white plate topped with beef and mas mas mas mas mas mas mas mas mas mas mas mas mas mas mas mas mas mas mas mas mas mas mas mas mas mas mas mas mas mas mas mas mas mas mas mas mas mas mas mas mas mas mas,고기와 마스크로 덮인 흰 판,a plate of meatballs and mashed potatoes with a scoop of butter.,고기알과 감자 피에로 한 판과 버터를 넣고,a plate of food on a table,테이블에 있는 음식의 접시
convenience_meals,5037794,1,상품-대표-이미지 1,a plate of fried shrimp with chops on the side,옆쪽에 이 있는 튀긴 새우 접시,a recipe for a traditional dish.,전통적인 요리를 위한 요리법입니다.,a plate of food on a table,테이블에 있는 음식의 접시
convenience_meals,5037794,2,,a plate of fried fried fish,튀긴 생선 접시,a plate of food with meats in it.,고기를 넣은 음식의 접시,a plate of food on a table,테이블에 있는 음식의 접시
convenience_meals,1000029142,1,상품-대표-이미지 1,a sandwich with two slices of bread and a packet of chinese food,두 조각의 빵과 한 팩의 중국 음식으로 만든 샌드위치,a sandwich on a plate with a red and white bag.,빨간색과 흰색 가방이 있는 접시에 있는 샌드위치.,a sandwich cut in half on a paper plate,종이판에 반으로 잘라낸 샌드위치
convenience_meals,1000029142,2,,a sandwich cut in half and stacked on a plate,반으로 갈라지고 접시에 쌓인 샌드위치,a sandwich on a plate,접시에 있는 샌드위치,a white plate topped with a cut in half sandwich,반으로 잘라낸 샌드위치로 덮인 흰 판
convenience_meals,5088325,1,상품-대표-이미지 1,a bowl of noodles and a bowl of soup,과 수프 한 그릇,a bowl of noodles with a spoon and a spoon.,한 푼과 한 푼의 을 넣고,a bowl of soup with a spoon in it,한 이 들어있는 수프 그릇
convenience_meals,5088325,2,,a bowl of noodles with meat and vegetables,고기와 채소로 만든,a bowl of soup with a bowl of food on the side.,한 그릇의 수프와 옆에는 음식이 있는 그릇,a bowl of soup with noodles and vegetables,과 채소로 만든 그릇
convenience_meals,1001931649,1,상품-대표-이미지 1,a plate of fried fried fried fried fried fried fried fried fried fried fried fried fried fried fried fried fried fried,튀긴 튀긴 튀긴 튀긴 튀긴 튀긴 튀긴 튀긴 튀긴 튀긴 튀긴 튀긴,a plate of fried chicken and fried chicken on a table.,테이블에 튀긴 닭고기와 튀긴 닭고기의 한 판이 있습니다.,a plate of food on a table,테이블에 있는 음식의 접시
convenience_meals,1001931649,2,,a plate of fried fried tates next to a bowl of ke ' s kein sauce,튀긴 튀긴 튀긴 튀김의 한 판에 튀긴 튀김 소스가 있습니다,a bowl of food with a fork and knife on a napkin.,가닥과 칼을 담은 음식 그릇,a bowl of food on a table,테이블에 있는 음식 그릇
convenience_meals,5082274,1,상품-대표-이미지 1,a bag of chicken dumps on a white surface,흰 표면에 닭고기 찌꺼기,the new food for the new year,새해에 대한 새로운 음식,a paper bag filled with food on top of a table,테이블 위에 음식으로 가득한 종이 봉투
convenience_meals,5082274,2,,a bag of food sitting on top of a white surface,흰색 표면 위에 앉아있는 음식 가방,a bag of food,음식 가방,a bag of food on a table,테이블에 있는 음식 가방
convenience_meals,1000185462,1,상품-대표-이미지 1,four bags of chicken with a variety of flavors,다양한 맛을 가진 4개의 닭고기 가방,the most popular foods in the world,세계에서 가장 인기있는 음식,a variety of food items are displayed on a table,식재료품의 종류가 테이블에 표시 됩니다.
convenience_meals,1000185462,2,,four bags of chicken with a variety of flavors,다양한 맛을 가진 4개의 닭고기 가방,the most popular foods in the world,세계에서 가장 인기있는 음식,a variety of food items are displayed on a table,식재료품의 종류가 테이블에 표시 됩니다.
convenience_meals,1000202889,1,상품-대표-이미지 1,a box of rice and a bowl of rice,쌀 상자와 쌀 그릇,a small bowl of rice.,작은 쌀 그릇.,a white table topped with a variety of foods,다양한 음식으로 덮인 흰 테이블
convenience_meals,1000202889,2,,a box of rice next to a bowl of rice,쌀 한 그릇 옆에 있는 쌀 상자,a packet of rice and a packet of rice,쌀과 쌀의 한 패키지,a white bowl filled with food next to a bottle of milk,우유 병 옆에 음식으로 가득한 흰 그릇
convenience_meals,1001422945,1,상품-대표-이미지 1,korean food with a packet of chicken,닭고기 패키지 있는 한국 음식,a bowl of pasta with pasta and sauce.,파스타와 소스를 넣은 파스타 그릇,a plate of food on a table,테이블에 있는 음식의 접시
convenience_meals,1001422945,2,,a bowl of pasta with tomato sauce,토마토 소스와 함께 된 파스타 그릇,a plate of food with meat and sauce.,고기와 소스를 넣은 음식 접시,a plate of food with meat and vegetables,고기와 채소를 넣은 음식 접시
convenience_meals,1001529704,1,상품-대표-이미지 1,a plate of fried chicken nus next to a bag of sauce,소스 가방 옆에 튀긴 닭고기 누의 한 판,a plate of fried chicken and chips,튀긴 닭고기과 칩의 한 판,a plate of food on a table,테이블에 있는 음식의 접시
convenience_meals,1001529704,2,,a bowl of fried chicken on a table,테이블에 튀긴 닭고기 그릇,fried chicken in a bowl,한 그릇에 튀긴 닭고기,a bowl filled with food on top of a table,테이블 위에 음식으로 가득한 그릇
convenience_meals,1002347378,1,상품-대표-이미지 1,three sandwiches on a plate with a bag of pizza,피자 가방이 있는 접시에 세 개의 샌드위치,a plate of food with a bag of spinach and a bag of tortilla chips on it.,스파나치 가방과 토르틸라 칩을 담은 음식 접시,a white plate topped with a sandwich and chips,샌드위치와 칩으로 덮인 흰 판
convenience_meals,1002347378,2,,a plate with three sandwiches on it,3개의 샌드위치가 있는 접시,a plate of sandwiches on a table.,테이블에 샌드위치 한 판이 있습니다.,a white plate topped with two slices of pizza,피자 2편으로 덮인 흰 판
convenience_meals,1001207695,1,상품-대표-이미지 1,a plate of food next to a bag of rice,쌀 봉지의 옆에는 음식의 접시,a plate of cookies with a bag of cookies on it.,쿠키를 한 박스 안에 넣은 쿠키판,a plate of food on a table,테이블에 있는 음식의 접시
convenience_meals,1001207695,2,,a plate with some food on it and a bag of rice,음식과 쌀의 한 봉투가 있는 접시,a plate of food with a bag of cookies on it.,닭고기 찌꺼기 찌꺼기,a plate of food on a table,테이블에 있는 음식의 접시
convenience_meals,1001706193,1,상품-대표-이미지 1,a bowl of soup with shrimp and vegetables,과 채소를 넣은 수프 그릇,a pot of shrimp and shrimp is on a table.,한 그릇의 새우와 새우가 테이블에 있습니다.,a bowl of soup and a spoon on a table,식탁에 있는 과 한
convenience_meals,1001706193,2,,a bowl of soup with shrimp and vegetables,과 채소를 넣은 수프 그릇,a bowl of soup with shrimps and a spoon.,과 한 匙의 수프 그릇,a bowl of soup and a spoon on a table,식탁에 있는 과 한
convenience_meals,1002382999,1,상품-대표-이미지 1,a bowl of soup with meat and vegetables,고기와 채소로 만든 수프 그릇,a bowl of chicken soup with green beans and chicken.,초록콩과 닭고기를 넣은 닭고기 수프 한 그릇,a bowl of soup and a spoon on a table,식탁에 있는 과 한
convenience_meals,1002382999,2,,a bowl of chicken soup with green onions,초록색 양파로 만든 닭고기 수프 한 그릇,a bowl of chicken soup,닭고기 수프 한 그릇,a bowl filled with soup and vegetables on a table,테이블에 있는 수프와 채소로 가득한 그릇
convenience_meals,1000169817,1,상품-대표-이미지 1,a box of rice with a small bowl on the side,옆쪽에 작은 그릇이 있는 쌀 상자,the packaging of food,식품의 포장,a table topped with a bunch of doughnuts,도넛 한 무리가 달린 테이블
convenience_meals,1000169817,2,,three packages of rice in a box,상자 안에 있는 3개의 쌀 패키지,a box of food with a yellow substance on top.,위에는 노란색 물질이 들어있는 음식 상자,a box of doughnuts sitting on top of a table,테이블 위에 앉아 있는 도넛의 상자
convenience_meals,1000170826,1,상품-대표-이미지 1,a plate of chicken sks and a plate of dipping sauce,닭고기 껍질과  소스,a plate of food with a variety of foods on sticks.,막대기에 다양한 음식을 담은 음식 접시,a plate of food on a table,테이블에 있는 음식의 접시
convenience_meals,1000170826,2,,two plates with chicken skes on them,두 개의 접시 위에 닭고기 셰이이,a plate of food with a toothpick on it,치아지팡이 있는 음식 접시,plates of food on a table,테이블에 있는 음식 접시
convenience_meals,5136646,1,상품-대표-이미지 1,a plate with two sandwiches and a bowl of sauce,2개의 샌드위치와 소스 한 그릇이 있는 접시,"a sandwich with lettuce, tomato, lettuce, and bacon.","라투, 토마토, 라투, 베이컨과 샌드위치.",a white plate topped with a sandwich and a cup of coffee,샌드위치와 커피 한 잔으로 덮인 흰 판
convenience_meals,5136646,2,,three sandwiches on a plate with dressinge dressinge dressinge dressinge dressinge dressinge dressinge dressing,"세 개의 샌드위치, 접시에 드레스링 드레스링 드레스링 드레스링 드레스링 드레스링 드레스링 드레스링 드레스링",a sandwich with lettuce and tomato on it.,라투와 토마토가 들어있는 샌드위치.,plates of food on a table,테이블에 있는 음식 접시
convenience_meals,1001485256,1,상품-대표-이미지 1,a box of food sitting on a table,테이블에 앉아 있는 음식의 상자,a box with a label on it,이 상자에 표기가 붙은 상자,a box that is filled with different types of food,다양한 종류의 음식으로 가득 차 있는 상자
convenience_meals,1001485256,2,,a box of rice next to a bowl of rice,쌀 한 그릇 옆에 있는 쌀 상자,a packet of rice and a packet of rice,쌀과 쌀의 한 패키지,a white bowl filled with food next to a bottle of milk,우유 병 옆에 음식으로 가득한 흰 그릇
convenience_meals,5072582,1,상품-대표-이미지 1,a cup of coffee and a packet of rice,커피 한 잔과 쌀 한 팩,a bowl of rice with a spoon in it,한 이 들어있는 쌀 그릇,a bowl of soup and a spoon on a table,식탁에 있는 과 한
convenience_meals,5072582,2,,a plate with a piece of bread and eggs,빵과 달걀 조각을 넣은 접시,a plate of food on a yellow napkin with a spoon.,이 있는 노란색 냅킨에 있는 음식 접시.,a piece of bread on a plate with a fork,갈고리 가 있는 접시에 있는 빵 조각
convenience_meals,1000832403,1,상품-대표-이미지 1,a box of rice and a bowl of rice,쌀 상자와 쌀 그릇,the ingredients for the recipe,레시피의 재료,a table topped with a bowl of cereal and a jar of peanut butter,곡물 한 그릇과 땅콩 버터 한 그릇으로 덮인 테이블
convenience_meals,1000832403,2,,a bowl of rice with a spoon in it,한 이 들어있는 쌀 그릇,a bowl of rice with wooden spoons,나무 이 있는 쌀 그릇,a bowl of rice with a spoon in it,한 이 들어있는 쌀 그릇
convenience_meals,1001866269,1,상품-대표-이미지 1,"a bowl of food with noodles, meat and vegetables",", 고기 및 채소를 넣은 식구",a bowl of food with meat and vegetables,고기와 채소를 넣은 음식 그릇,a bowl filled with noodles and vegetables on top of a table,테이블 위에 누드러와 채소로 가득한 그릇
convenience_meals,1001866269,2,,a bowl of noodles and meat with sauce,과 고기 한 그릇,a bowl of food with noodles and vegetables.,과 채소를 넣은 음식 그릇,a bowl filled with noodles and vegetables on top of a table,테이블 위에 누드러와 채소로 가득한 그릇
convenience_meals,1000165839,1,상품-대표-이미지 1,a box of rice rice with a cup of rice,쌀과 함께 쌀 한 잔의 쌀 박스,a box of food and a small container of soup.,음식 상자와 소프 한 그릇,a box of donuts sitting on top of a table,테이블 위에 앉아 있는 도넛 상자
convenience_meals,1000165839,2,,a box of rice with a cup of rice,쌀 한 잔의 쌀 박스,a box of tea and a box of cookies,차 박스와 쿠키 박스,a box of ice cream sitting on top of a table,테이블 위에 앉아있는 아이스크림 상자
convenience_meals,1000308975,1,상품-대표-이미지 1,a bag of chicken wings next to a plate of chicken wings,"닭 날개 한 박스, 닭 날개 한 판 옆에",a bag of roasted chicken wings,튀긴 닭 날개 가방,a plate of food on a table,테이블에 있는 음식의 접시
convenience_meals,1000308975,2,,a plate of chicken wings and a bowl of sauce,닭 날개 한 판과 소스 한 그릇,a plate of food with chicken wings and a fork.,닭 날개와 갈고리 있는 음식 접시,a plate of food on a table,테이블에 있는 음식의 접시
convenience_meals,1000619042,1,상품-대표-이미지 1,a bag of fried shrimp and shrimp with a plate of shrimp,과 을 튀긴 과 을 한 박스,the menu is a recipe for the new restaurant.,메뉴는 새로운 레스토랑의 레시피입니다.,a plate of food on a table,테이블에 있는 음식의 접시
convenience_meals,1000619042,2,,a plate of shrimp and cheese dumps,새우와 치즈 쓰레기통 한 판,a plate of food with tortillas and shrimp.,토르틸라와 새우를 넣은 음식 접시,a plate of food on a table,테이블에 있는 음식의 접시
convenience_meals,5063596,1,상품-대표-이미지 1,four jars of grano grano grano grano grano grano grano grano grano,4잔의 콩 콩 콩 콩 콩,a collection of homemade food and spices.,집에서 만든 음식과 향신료의 컬렉션입니다.,a jar filled with lots of pink and white frosting,분홍색과 흰색의 얼음으로 가득한 그릇
convenience_meals,5063596,2,,three bowls filled with granolaes and fruit,그라놀라와 과일로 가득한 3개의 그릇,"a bowl of oatmeal, oatmeal, almonds, almonds, and almonds, with a slice of almonds, almonds, and a slice of almonds.","오트밀, 오트밀, 아몬드, 아몬드, 아몬드 한 그릇, 아몬드 한 조각, 아몬드 한 조각, 아몬드 한 조각",a bowl filled with lots of different types of food,다양한 종류의 음식으로 가득한 그릇
fruits_nuts_rice,5061259,1,상품-대표-이미지 1,a bowl filled with apples sitting on a counter,계통에 앉아 있는 사과로 가득한 그릇,a bunch of apples in a bucket.,한 바구니에 사과 한 덩어리.,a basket filled with lots of apples,많은 사과로 가득한 바구니
fruits_nuts_rice,5061259,2,,apples in a blue cloth bag with nuts,파란색의 천 봉지에 달린 견과류의 사과,a bunch of apples and nuts on a table.,테이블에 사과와 견과류가 있습니다.,a basket filled with apples next to a bowl filled with apples,사과로 가득한 바구니에 사과로 가득한 그릇 옆에 있는
fruits_nuts_rice,5063578,1,상품-대표-이미지 1,a bowl of tomatoes on a white wooden table,흰색 목재 테이블에 토마토 한 그릇,a bowl of tomatoes on a white wooden table,흰색 목재 테이블에 토마토 한 그릇,a bowl filled with lots of different types of fruit,여러 종류의 과일로 가득한 그릇
fruits_nuts_rice,5063578,2,,a bowl of tomatoes and a small bowl of tomatoes,토마토 한 그릇과 토마토 한 그릇,fresh tomatoes in a bowl on a white wooden background,흰색 목재 배경에 있는 그릇에 신선한 토마토,a bowl of tomatoes and a bowl of tomatoes on a table,테이블에 있는 토마토 그릇과 토마토 그릇
fruits_nuts_rice,1000763360,1,상품-대표-이미지 1,a plate with grapes and a bunch of grapes,포도과 포도의 한 잔,a plate of green grapes on a table,테이블에 있는 녹색 포도의 한 판,a bowl of fruit sitting on top of a table,테이블 위에 앉아 있는 과일 그릇
fruits_nuts_rice,1000763360,2,,a plate with grapes on it,포도주 있는 접시,a plate of green grapes,녹색 포도의 한 판,a plate of fruit on a table,테이블에 있는 과일 접시
fruits_nuts_rice,1000867511,1,상품-대표-이미지 1,a bag of rice on a table with rice,쌀과 함께 테이블에 있는 쌀 가방,the packaging for the new year ' s eve party,새해의 파티를 위한 포장,a piece of paper that has some writing on it,그 위에 글이 있는 종이
fruits_nuts_rice,1000867511,2,,a bag of rice next to a bowl of rice,쌀 한 그릇 옆에 쌀 한 가방,a bag of rice,쌀 한 가방,a paper towel sitting on top of a white cloth,흰색 옷 위에 앉아 있는 종이 수건
fruits_nuts_rice,5159977,1,상품-대표-이미지 1,peaches on a yellow napkin with a knife,칼로 쓴 노란색 냅킨에 콩,peaches are a popular fruit for the harvest.,콩은 수확에 인기있는 과일입니다.,a table topped with a bunch of different types of fruit,여러 종류의 과일들로 덮인 테이블
fruits_nuts_rice,5159977,2,,peaches on a table,테이블에 콩,"peaches, peaches, and a few leaves of the most popular fruit","콩, 콩, 그리고 가장 인기 있는 과일의 몇 가지 잎",a pile of fruit sitting on top of a table,테이블 위에 앉아있는 과일들의 집집
fruits_nuts_rice,5053663,1,상품-대표-이미지 1,a bag of rice with chopsticks and a bowl of rice,스틱과 쌀 한 그릇의 쌀,a bag of rice and a spoon,쌀과 한 푼,a plastic bag filled with food on top of a table,테이블 위에 음식으로 가득한 플라스틱 가방
fruits_nuts_rice,5053663,2,,a bowl of rice with a wooden spoon,나무 이 있는 쌀 그릇,a bowl of rice and a wooden spoon.,쌀과 목장 한 그릇,a bowl of rice with a spoon in it,한 이 들어있는 쌀 그릇
fruits_nuts_rice,1001882653,1,상품-대표-이미지 1,a white plate with apples and a half of apple,사과와 사과 반을 넣은 흰 판,a bowl of apples and a half eaten apple.,한 그릇의 사과와 반 먹은 사과.,a white plate topped with apples and applesauce,사과와 사과 소스를 첨가한 흰 판
fruits_nuts_rice,1001882653,2,,a bowl of apples and a half of an apple,사과 한 그릇과 사과 한 반,a plate of apples and a bowl of sliced apples.,사과 접시와 썰어 만든 사과 그릇,a white plate with apples and oranges on it,"흰색 접시, 그 위에 사과와 오렌지"
fruits_nuts_rice,1000908371,1,상품-대표-이미지 1,a box of apples with a piece of apple in it,사과 조각이 들어있는 사과 상자,a box of apples and a box of apples,사과 상자와 사과 상자,a box full of apples sitting on top of a table,테이블 위에 앉아 있는 사과로 가득한 상자
fruits_nuts_rice,1000908371,2,,apples in a box with a piece of apple,사과 조각이 있는 상자 안에 있는 사과,three apples and one half of the other half of the apple.,세 개의 사과와 다른 절반의 사과의 절반을,a pile of apples sitting on top of a table,테이블 위에 앉아있는 사과의 집집
fruits_nuts_rice,5048580,1,상품-대표-이미지 1,green grapes on a table,테이블에 있는 녹색 포도,a bunch of green grapes on a table.,테이블에 녹색 포도의 무리가 있습니다.,a pile of green and yellow fruit on a table,테이블에 녹색과 노란색 과일의 한 무리가
fruits_nuts_rice,5048580,2,,green grapes on a plate,접시에 있는 녹색 포도,a plate of green grapes on a table,테이블에 있는 녹색 포도의 한 판,a pile of green beans on top of a white plate,흰 판 위에 녹색콩의 한 집
fruits_nuts_rice,1000867509,1,상품-대표-이미지 1,a bag of rice next to a bowl of rice,쌀 한 그릇 옆에 쌀 한 가방,the grain of rice,쌀 곡물,a piece of paper that has some food inside of it,그 안에 음식이 있는 종이
fruits_nuts_rice,1000867509,2,,a bag of rice next to a bowl of rice,쌀 한 그릇 옆에 쌀 한 가방,a bag of rice,쌀 한 가방,a piece of paper sitting on top of a piece of cloth,천 위에 앉아 있는 종이 조각
fruits_nuts_rice,5031442,1,상품-대표-이미지 1,a banana on a wooden plate with a fork,가이 있는 나무판에 바나나,a banana and a fork on a wooden plate.,나무판에 바나나와 갈고리.,bananas on a cutting board,단판에 바나나
fruits_nuts_rice,5031442,2,,two bananas on a wooden plate with a spoon,한 푼으로 된 나무판에 두 개의 바나나,a banana and a fork on a wooden plate.,나무판에 바나나와 갈고리.,a banana peel sitting on top of a wooden cutting board,나무로 만든 절단판 위에 앉아 있는 바나나껍질
fruits_nuts_rice,1000338204,1,상품-대표-이미지 1,blueberry delicious fruit snack,블루베리 맛있는 과일 간식,a bag of blueberries and purple grapes,블루베리와 보라색 포도의 가방,a white bowl filled with cereal next to a cup of ice cream,흰색 그릇에 밀가루가 가득 차 있는 아이스크림 한 잔 옆에
fruits_nuts_rice,1000338204,2,,a bowl of blueberries on a white surface,흰색 표면에 있는 블루베리 그릇,a bowl of blueberries and blackberries on a white surface.,흰색 표면에 있는 블루베리와 블랙베리의 그릇,a bowl filled with lots of different types of fruit,여러 종류의 과일로 가득한 그릇
fruits_nuts_rice,5036748,1,상품-대표-이미지 1,a bowl of fruit and a bowl of fruit,과일을 한 그릇과 과일을 한 그릇,a bowl of food with a bowl of sliced kiwi on top.,위에는 썰어진 키비가 있는 음식 그릇이 있습니다.,a basket filled with fruit and bread next to a jar of honey,꿀 한 잔 옆에 과일과 빵으로 가득한 바구니
fruits_nuts_rice,5036748,2,,a bowl of fruit and a bowl of bread,과일의 그릇과 빵의 그릇,a bowl of food on a table,테이블에 있는 음식 그릇,a white plate topped with a muffin next to a bowl of fruit,과일의 그릇 옆에 이 덮인 흰 판
fruits_nuts_rice,1002140343,1,상품-대표-이미지 1,three avocas on a plate with a half of avoca,아보카 반을 넣은 접시에 아보카 3개,a plate of avocado,아보카도 접시,a bowl of fruit sitting on top of a table,테이블 위에 앉아 있는 과일 그릇
fruits_nuts_rice,1002140343,2,241008_kurly0658_??????????????????3???.jpg,avocas on a plate with a spoon,접시에 있는 아보카스,avocado on a plate,접시에 아보카도,a white plate topped with three different types of fruit,흰색 접시로 3가지 종류의 과일로 덮여 있는
fruits_nuts_rice,5063690,1,상품-대표-이미지 1,tomatoes in a basket,토마토가 바구니에,tomatoes in a basket,토마토가 바구니에,a basket filled with a bunch of different types of vegetables,여러 종류의 채소들로 가득한 바구니
fruits_nuts_rice,5063690,2,,tomatoes on a white table,흰 테이블에 토마토,fresh tomatoes on a wooden table,나무 테이블에 신선한 토마토,a pair of scissors sitting on top of a table,테이블 위에 앉아 있는 나고
fruits_nuts_rice,5034841,1,상품-대표-이미지 1,a bowl of oranges on a white surface,흰색 표면에 있는 오렌지 그릇,a plate of oranges and an oranges on a white plate.,흰색 접시에 오렌지 한 장과 오렌지 한 장,a white bowl filled with oranges on top of a table,테이블 위에 오렌지로 가득한 흰 그릇
fruits_nuts_rice,5034841,2,,a plate of oranges with one cut in half,한 번 반으로 잘라낸 오렌지 접시,a plate of oranges on a table,테이블에 있는 오렌지 접시,a white plate filled with oranges on top of a table,테이블 위에 오렌지로 가득한 흰 판
fruits_nuts_rice,5162187,1,상품-대표-이미지 1,a bowl of oranges and a bunch of oranges,오렌지 한 그릇과 오렌지 한 무리가,a basket of oranges and oranges on a table.,테이블에 오렌지와 오렌지 바구니.,a bowl of oranges sitting on top of a table,테이블 위에 앉아있는 오렌지 그릇
fruits_nuts_rice,5162187,2,,a basket of oranges and limes on a table,테이블에 오렌지와 리메스의 바구니,a basket of oranges and limes.,오렌지와 리몬의 한 바구니.,a bowl of oranges sitting on top of a table,테이블 위에 앉아있는 오렌지 그릇
fruits_nuts_rice,1000048867,1,상품-대표-이미지 1,a bag of rice with a spoon and a bowl of rice,한 컵과 한 그릇의 쌀을 넣은 쌀 가방,a bag of rice,쌀 한 가방,a candy bar with a picture of a dog on it,개 사진이 있는 과자 바
fruits_nuts_rice,1000048867,2,,a bowl of rice,쌀 한 그릇,a bowl of rice,쌀 한 그릇,a white bowl filled with rice and vegetables,쌀과 채소로 가득한 흰 그릇
fruits_nuts_rice,5134096,1,상품-대표-이미지 1,korean rice rice powder,한국 쌀 쌀 파우더,a bag of food.,음식 가방,a cup of coffee sitting on top of a napkin,한 잔 커피가 냅킨 위에 앉아있는 것
fruits_nuts_rice,5134096,2,,a bowl of white rice on a plate,접시에 있는 흰쌀 한 그릇,a bowl of rice on a plate,접시에 있는 쌀 그릇,a white bowl filled with rice and vegetables,쌀과 채소로 가득한 흰 그릇
fruits_nuts_rice,1000030900,1,상품-대표-이미지 1,a bag of rice with a bowl of rice,쌀 한 그릇과 함께 된 쌀 가방,a bag of rice,쌀 한 가방,a piece of paper that is on top of a pillow,베개 위에 있는 종이 조각
fruits_nuts_rice,1000030900,2,,a bowl of white rice,흰쌀 한 그릇,a bowl of rice,쌀 한 그릇,a white bowl filled with rice and vegetables,쌀과 채소로 가득한 흰 그릇
fruits_nuts_rice,1000973922,1,상품-대표-이미지 1,k36 kreh - korean snack box,k36 kreh - 한국식 간식 상자,a box of nuts and a bag of nuts.,한 박스 견과류와 한 가방 견과류,a white plate topped with a piece of pizza,피자 조각으로 덮인 흰 판
fruits_nuts_rice,1000973922,2,pc_samjin_241209_01.jpg,a bowl of nuts and a packet of nuts,견과류의 그릇과 견과류의 패키지,a bowl of nuts and a bag of nuts.,한 그릇의 견과류와 한 가방의 견과류,a bowl of cereal and a banana on a table,식탁에 있는 곡물 한 그릇과 바나나
fruits_nuts_rice,5048547,1,상품-대표-이미지 1,a bag of rice with a spoon on top,이 위에 있는 쌀 가방,a bag of food,음식 가방,a piece of paper that has some food in it,음식이 들어있는 종이
fruits_nuts_rice,5048547,2,,a bowl of rice on a white surface,흰색 표면에 있는 쌀 그릇,a bowl of rice,쌀 한 그릇,a white bowl filled with some kind of food,어떤 종류의 음식으로 가득한 흰 그릇
fruits_nuts_rice,5070409,1,상품-대표-이미지 1,a bag of rice next to a bowl of rice,쌀 한 그릇 옆에 쌀 한 가방,a new take on the new packaging for the new year.,새해에 대한 새로운 포장지에 대한 새로운 시각입니다.,a piece of paper with a spoon on top of it,이 있는 종이 조각
fruits_nuts_rice,5070409,2,,a bowl of white rice,흰쌀 한 그릇,a bowl of rice,쌀 한 그릇,a bowl of rice with a spoon in it,한 이 들어있는 쌀 그릇
fruits_nuts_rice,1000122762,1,상품-대표-이미지 1,apples in a bag on a white surface,흰색 표면에 있는 가방에 있는 사과,apples and a bag of apples on a table.,사과와 테이블에 사과 가방이 있습니다.,a pile of apples sitting on top of a table,테이블 위에 앉아있는 사과의 집집
fruits_nuts_rice,1000122762,2,,apples in a bag on a table,테이블에 있는 가방에 있는 사과,a bag of apples and a bag of apples,사과와 사과의 한 가방,a pile of apples sitting on top of each other,서로 위에 앉아 있는 사과의 집집
fruits_nuts_rice,1000118138,1,상품-대표-이미지 1,a bag of rice with a spoon and a bowl of rice,한 컵과 한 그릇의 쌀을 넣은 쌀 가방,the new version of the new short - sleeved bag,새로운 단갑 가방의 새로운 버전,a piece of paper that is on top of a table,테이블 위에 있는 종이 조각
fruits_nuts_rice,1000118138,2,,a bowl of rice,쌀 한 그릇,a bowl of rice,쌀 한 그릇,a white bowl filled with rice and vegetables,쌀과 채소로 가득한 흰 그릇
fruits_nuts_rice,1000102438,1,상품-대표-이미지 1,a box of red potatoes on a beige background,베이지 배경에 붉은 감자 상자,a box of apples,사과 상자,a close up picture of some apples in a vase,바즈에 있는 사과의 근접적인 사진
fruits_nuts_rice,1000102438,2,,a box of red apples with nuts,땅콩을 넣은 빨간 사과 상자,a tray of red apples,붉은 사과의 한 방울,a plate of apples and oranges on a table,테이블에 있는 사과와 오렌지 접시
fruits_nuts_rice,5035954,1,상품-대표-이미지 1,two square glass dishes filled with fresh blueberries and mint spri,신선한 블루베리와 민트 스프리로 가득한 2개의 평방 유리 접시,a glass bowl of blueberries on a table,테이블에 있는 블루베리 유리 그릇,a table topped with plates of fruit and vegetables,과일과 채소 접시로 덮인 테이블
fruits_nuts_rice,5035954,2,,yosone yosone yosone yosone yosone yosone yosone yosone yosone yosone yosone yoson yoson yoson yoson yoson yoson yoson yoson yo,요스 요스 요스 요스 요스 요스 요스 요스 요스 요스 요스 요스 요스 요스 요스 요스 요스 요스 요스 요스 요스 요스 요스 요스 요스 요스 요스 요스 요스 요스 요스 요스 요스 요스 요스 요스 요스 요스 요스 요스 요스 요스 요스 요스 요스 요스 요스 요스 요스 요,a bowl of food with a spoon in it,한 이 들어있는 음식 그릇,a white plate topped with a piece of cake,케이크 조각으로 덮인 흰 판
fruits_nuts_rice,5052626,1,상품-대표-이미지 1,the tea box with tea and nuts,차와 견과류가 있는 차 상자,the gift of the day,날의 선물,a box filled with toys and other items,장난감과 다른 물건들로 가득한 상자
fruits_nuts_rice,5052626,2,,the packaging design for the new nut bar,새로운 견과류 바의 포장 설계,the best of the season,시즌 최고의,a pile of candy on top of a table,테이블 위에 있는 과자 덩어리
fruits_nuts_rice,1001234463,1,상품-대표-이미지 1,a bowl of tomatoes on a table,테이블에 있는 토마토 한 그릇,a bowl of tomatoes,토마토 한 그릇,a bowl of fruit on a table,테이블에 있는 과일 그릇
fruits_nuts_rice,1001234463,2,,a bowl of tomatoes on a table,테이블에 있는 토마토 한 그릇,a bowl of tomatoes,토마토 한 그릇,a bowl filled with lots of different types of fruit,여러 종류의 과일로 가득한 그릇
fruits_nuts_rice,5038123,1,상품-대표-이미지 1,a plate of grapes on a table,테이블에 있는 포도판,a bowl of grapes on a table.,테이블에 포도 한 그릇을 놓아주면,a bowl of fruit sitting on top of a table,테이블 위에 앉아 있는 과일 그릇
fruits_nuts_rice,5038123,2,,blueberries on a table,테이블에 있는 블루베리,grapes on a table.,테이블에 포도.,a close up picture of some grapes on a table,테이블에 있는 포도의 근접적인 사진
fruits_nuts_rice,5068728,1,상품-대표-이미지 1,a bunch of oranges on a white surface,흰색 표면에 산화,a bunch of oranges on a white napkin,흰색 냅킨에 있는 오렌지,a white sheet of paper with a bunch of oranges on it,"흰색 종이, 그 위에 오렌지 덩어리가 있습니다."
fruits_nuts_rice,5068728,2,,a bunch of oranges on a white surface,흰색 표면에 산화,a bunch of oranges on a white napkin,흰색 냅킨에 있는 오렌지,a pile of oranges sitting on top of each other,오렌지 덩어리 하나가 다른 쪽에 앉아
fruits_nuts_rice,1000032485,1,상품-대표-이미지 1,korean blueberry flavor,한국 블루베리 맛,the most popular snacks in the world,세계에서 가장 인기있는 간식,a candy bar with a picture of a bear on it,곰의 사진이 있는 과자 바
fruits_nuts_rice,1000032485,2,,a bowl of blueberries,한 그릇의 블루베리,a bowl of blueberries,한 그릇의 블루베리,a bowl filled with lots of different types of food,다양한 종류의 음식으로 가득한 그릇
fruits_nuts_rice,1001303421,1,상품-대표-이미지 1,apples on a piece of paper with a piece of paper,종이에 있는 사과,three apples and one half of the other half of the other half of the apple.,세 개의 사과와 다른 절반의 다른 절반의 사과의 절반.,a pair of apples sitting on top of a white cloth,흰색 옷 위에 앉아 있는 사과
fruits_nuts_rice,1001303421,2,,apples on a piece of parchment paper,잎자루에 달린 사과,three apples and one half of the other half is cut up.,세 개의 사과와 다른 절반의 절반은 잘라 뜯습니다.,a pair of apples sitting on top of a white cloth,흰색 옷 위에 앉아 있는 사과
fruits_nuts_rice,1000858612,1,상품-대표-이미지 1,a plastic container with two pieces of pine,2개의 소나무 조각을 가진 플라스틱 용기,a container of sliced pineapples and sliced in half,썰매에 썰매로 썰매로 썰매로 썰매로 썰매로 썰매로 썰매로 썰매로 썰매로 썰매로 썰매로,a white plate topped with two slices of bread,흰색 접시로 두 조각의 빵을 접힌
fruits_nuts_rice,1000858612,2,241008_kurly0582_KF365 ????????????????1kg.jpg,three pieces of pine on a white plate,흰 판에 있는 소나무의 3 조각,a white plate with pineapples on it.,"흰색 접시, 파나나스",a white plate with a piece of fruit on it,"흰색 접시, 그 위에 과일 조각이 들어있으며"
fruits_nuts_rice,5049631,1,상품-대표-이미지 1,a plate with three peeled melon mels on it,3개 껍질이 벗겨진 멜론 녹음으로 된 접시,a plate of sliced bananas and oranges,단편으로 썰어 만든 바나나와 오렌지,a white plate topped with different types of fruit,흰색 접시로 여러 종류의 과일로 덮여 있는
fruits_nuts_rice,5049631,2,,a plate with three melon melon melon melon melon melon melon melon mel,3개의 멜론 멜론 멜론 멜론 멜론 멜론 멜론 멜론 멜론,a plate of sliced bananas and sliced up on a white plate.,"썰어진 바나나 접시, 흰 접시에 잘라서",a white plate topped with different types of fruit,흰색 접시로 여러 종류의 과일로 덮여 있는
fruits_nuts_rice,1001502284,1,상품-대표-이미지 1,a white cloth with cheres on it,흰색의 옷에 이 들어있으며,cherries on a napkin,사바지 위에 있는 체리,a white cloth with a bunch of white flowers on it,흰색 꽃이 있는 흰색 옷
fruits_nuts_rice,1001502284,2,,a white cloth with cheres on it,흰색의 옷에 이 들어있으며,the cranberries are a staple of the diet.,캔버리는 식단의 기본 요소입니다.,a white cloth with a bunch of berries on it,흰색의 천으로 그 위에 열매가 있는
fruits_nuts_rice,5051031,1,상품-대표-이미지 1,a bag of rice on a concrete surface,콘크리트 표면에 있는 쌀 봉투,the grain of the bag is a grain - free - free grain grain - free - free - free grain grain - based diet,봉지의 곡물은 곡물 - 무료 - 무료 곡물 - 무료 - 무료 - 무료 곡물 - 곡물 기반 식단입니다,a book that is laying on the ground,땅에 놓여 있는 책
fruits_nuts_rice,5051031,2,,a person pouring rice into a pot,한 사람 가 냄비 에 쌀을 붓는 사람,a bowl of rice being poured into a bowl,한 그릇에 비워있는 쌀 그릇,a person holding a spoon in a bowl,한 그릇에 한 을 들고 있는 사람
fruits_nuts_rice,1000253378,1,상품-대표-이미지 1,blueberries on a plate with a spoon,한 푼으로 접시에 있는 블루베리,a bowl of blueberries,한 그릇의 블루베리,a bowl of fruit with a spoon in it,한 이 들어있는 과일 그릇
fruits_nuts_rice,1000253378,2,,a plate of blueberries with a spoon,한 푼의 블루베리,a spoon filled with blueberries,블루베리로 가득한,a bowl of cereal with a spoon in it,한 이 들어있는 곡물 그릇
fruits_nuts_rice,5121007,1,상품-대표-이미지 1,organic rice rice,유기농 쌀,a healthy crop of rice,건강한 쌀 작물,a piece of bread sitting on top of a table,테이블 위에 앉아 있는 빵 조각
fruits_nuts_rice,5121007,2,,a bowl of rice,쌀 한 그릇,a bowl of rice,쌀 한 그릇,a white bowl filled with rice and vegetables,쌀과 채소로 가득한 흰 그릇
fruits_nuts_rice,5003716,1,상품-대표-이미지 1,a bunch of bananas on a napkin,바나나 무리가 냅킨에,a bunch of bananas sitting on a napkin.,바나나 무리가 냅킨에 앉아 있습니다.,bananas sitting on top of a towel,바나나 가수
fruits_nuts_rice,5003716,2,,a bunch of bananas and a banana peel,바나나 껍질과 바나나,a bunch of bananas and a peeled banana,바나나 무리와 바나나 껍질을 벗겨,bananas and a banana peel on a table,바나나와 바나나 껍질이 테이블에
fruits_nuts_rice,5132780,1,상품-대표-이미지 1,a plate of kichi kichi kichi kichi kichi kichi kichi kichi kichi kichi kichi kichi ki,키치 키치 키치 키치 키치 키치 키치 키치 키치 키치 키치 키치,a bowl of kiwi fruit on a table.,테이블에 키비 과일을 한 그릇,a bowl of fruit on a table,테이블에 있는 과일 그릇
fruits_nuts_rice,5132780,2,,kiko kiko kiko kiko kiko kiko kikoko kikokokokokokokokokokokokokokokokokokokokokokokokokokokokokokokokokoko,키코카카카카카카카카카카카카카카카카카카카카카카카카카카카카카카카카카카카카카카카카카카카카카카카카카카카카카카카카카카카카카카카카카카카카카카카카카카카카카카카카카카카카카카카카카카카카카카카카카,a plate of kiwi fruit on a white background,흰색 배경에 있는 키비 과일의 한 판,a plate with a bunch of different types of fruit on it,여러 종류의 과일들을 한 무리를 가진 접시
fruits_nuts_rice,5051038,1,상품-대표-이미지 1,a bag of rice with a spoon and a bowl of rice,한 컵과 한 그릇의 쌀을 넣은 쌀 가방,a bag of rice,쌀 한 가방,a purse with a note on it sitting on a table,책상에 앉아 있는 메모가 있는 지갑
fruits_nuts_rice,5051038,2,,a bowl of white rice,흰쌀 한 그릇,a bowl of rice,쌀 한 그릇,a bowl of food with a spoon in it,한 이 들어있는 음식 그릇
fruits_nuts_rice,1000144509,1,상품-대표-이미지 1,k36 k3 fresh rice,k36 k3 신선한 쌀,the product is a healthy snack that ' s a must for you.,"이 제품은 건강 한 간식이며, 반드시 섭취해야 합니다.",a white sheet of paper with some food in it,음식이 들어 있는 흰색 종이
fruits_nuts_rice,1000144509,2,,a bowl of rice,쌀 한 그릇,a bowl of rice,쌀 한 그릇,a white bowl filled with rice and vegetables,쌀과 채소로 가득한 흰 그릇
fruits_nuts_rice,5094562,1,상품-대표-이미지 1,a box of chocolates with a logo on it,로고가 있는 초콜릿 상자,the box is made from recycled leather and is available.,상자는 재활용 된 가죽으로 만들어져 있으며 사용할 수 있습니다.,a box filled with different types of donuts,다채로운 도넛으로 가득한 상자
fruits_nuts_rice,5094562,2,,a box of chocolates with a quote on it,초콜릿 상자 에 인용문 이 있습니다,a box of chocolates,초콜릿 상자,a wooden box with a picture of a man on it,나무 상자 에 남자 의 사진 이 있는
fruits_nuts_rice,5045631,1,상품-대표-이미지 1,the korean version of the snack box,한국어 버전의 간식 상자,a poster for a week of the week,주 주간 포스터,a variety of food items displayed on a table,테이블에 표시되는 다양한 음식물
fruits_nuts_rice,5045631,2,,the best trail trail trail trail trail trail trail trail trail trail trail trail trail trail trail trail trail trail trail trail trail trail trail trail trail trail trail trail trail trail trail trail trail trail trail trail trail,가장 좋은 경로 경로 경로 경로 경로 경로 경로 경로 경로 경로 경로 경로 경로 경로 경로 경로 경로 경로 경로 경로 경로 경로 경로 경로 경로 경로 경로 경로 경로 경로 경로 경로 경로 경로 경로 경로 경로 경로 경로 경로 경로 경로 경로 경로 경로 경로 경로 경로 경,a selection of food and drinks,음식과 음료의 선택,a pile of food sitting on top of a table,테이블 위에 앉아있는 음식의 집집
fruits_nuts_rice,1001729429,1,상품-대표-이미지 1,a bag of rice with a spoon and a bowl of rice,한 컵과 한 그릇의 쌀을 넣은 쌀 가방,a bag of gold coins and silver coins,금과 은 동전의 가방,a piece of paper that is on a table,테이블 위에 있는 종이 조각
fruits_nuts_rice,1001729429,2,,a bowl of rice on a white cloth,흰색 천에 있는 쌀 그릇,a bowl of rice,쌀 한 그릇,a white bowl filled with food on top of a table,테이블 위에 음식으로 가득한 흰 그릇
fruits_nuts_rice,5056014,1,상품-대표-이미지 1,a cutting board with peaches on it,콩을 은 판,peaches on a wooden board with green leaves and a knife,나무판에 초록색 잎과 칼을 얹은 콩,a wooden cutting board with a bunch of fruit on it,"나무로 만든 단판, 그 위에 과일 한 잔이 있습니다."
fruits_nuts_rice,5056014,2,,peaches on a cutting board,빗판에 있는 콩,peaches on a cutting board with a knife and cutting board of fresh cut out of it,칼로 깎는 보드 위에 콩과 신선하게 깎은 보드,a wooden cutting board topped with a bunch of cut up apples,나무로 만든 단판으로 을 깎아 을 다
fruits_nuts_rice,5027321,1,상품-대표-이미지 1,a wooden bowl filled with fresh peaches,신선한 콩으로 가득한 나무 그릇,a towel with fresh peaches and leaves,신선한 콩과 잎을 가진 수건,a basket filled with apples and other fruits,사과와 다른 과일을 가득 한 바구니
fruits_nuts_rice,5027321,2,,fresh peaches with mint and mint,신선한 콩과 콩,fresh ripe peaches in a basket on a white napkin,흰색 냅킨에 있는 바구니에 신선한 익은 콩,a pile of apples sitting on top of a table,테이블 위에 앉아있는 사과의 집집
fruits_nuts_rice,5025577,1,상품-대표-이미지 1,a wooden cutting board with three pieces of fruit on it,"나무로 만든 단판, 그 위에 3개의 과일 조각이 있습니다.",a cutting board with kiwis on it and a piece of fruit on top.,키위와 함께 한 조각의 과일과 함께 한 조각의 조각을,a wooden cutting board topped with a sliced banana and an apple,"나무로 만든 단판, 단편으로 썰어진 바나나와 사과"
fruits_nuts_rice,5025577,2,,a wooden cutting board with a sliced kis on it,조각된 키스를 가진 나무 절단판,a cutting board with kiwis and a cut out of fruit on it,키위와 함께 썰매판과 그 위에 과일 조각,a wooden cutting board topped with a sliced up apple,"나무로 만든 절단판, 절단된 사과로 덮여 있는"
fruits_nuts_rice,1000066062,1,상품-대표-이미지 1,a jar of grans on a counter,카운터에 있는 잔,a container of seeds,씨앗을 담은 용기,a jar of honey sitting on top of a counter,한 잔 꿀이 카운터 위에 앉아있는
fruits_nuts_rice,1000066062,2,,a bowl filled with seeds and seeds,씨앗과 씨앗으로 가득한 그릇,a bowl of sesame seeds,수염자루,a bowl of rice and a bowl of nuts,쌀과 견과류의 그릇
vegetables,5054657,1,상품-대표-이미지 1,a wooden tray with cucums on it,나무로 만든 방울,three cucumbers in a wooden tray on a white background.,흰색 배경에 있는 나무 타에 3개의 오징어,a wooden cutting board with a bunch of green vegetables in it,나무로 만든 단판으로 녹색 채소들을 넣고
vegetables,5054657,2,,a wooden tray with cucums on it,나무로 만든 방울,a wooden tray with cucumbers in a wooden tray,나무의 타에 오징어 있는 나무 타에,a wooden container filled with a green leafy plant,녹색 잎식물을 가득 채우는 목재 용기
vegetables,5026451,1,상품-대표-이미지 1,a bunch of onions on a table,테이블에 있는 양파,a bag of oranges sitting on a table.,테이블에 앉아있는 오렌지 가방,a basket filled with lots of carrots,많은 당근으로 가득한 바구니
vegetables,5026451,2,,a bag of onions and a onion,양파와 양파의 가방,a bag of onions and a onion on the ground.,양파를 넣고 땅 위에 양파를 두었습니다.,a basket full of oranges sitting on top of a sidewalk,사행 위에 앉아있는 오렌지로 가득한 바구니
vegetables,5061435,1,상품-대표-이미지 1,a basket of purple sweet sweet sweet sweet sweet sweet sweet sweet sweet sweet sweet sweet sweet sweet sweet sweet sweet,보라색의 바구니 달콤한 달콤한 달콤한 달콤한 달콤한 달콤한 달콤한 달콤한 달콤한 달콤한 달콤한 달콤한 달콤한 달콤한 달콤한 달콤한 달콤한 달콤한 달콤한 달콤한 달콤한,a basket of purple carrots,보라색 당근의 바구니,a white plate with some meat on it,"흰색 접시, 그 위에 약간의 고기가 들어있으며"
vegetables,5061435,2,,sweet sweet sweet sweet sweet sweet sweet sweet sweet sweet sweet sweet sweet sweet sweet sweet sweet sweet sweet sweet sweet,달콤한 달콤한 달콤한 달콤한 달콤한 달콤한 달콤한 달콤한 달콤한 달콤한 달콤한 달콤한 달콤한 달콤한 달콤한 달콤한 달콤한 달콤한,a basket of purple radishes with sliced almonds,은 은 은 은 은 은 은 은 은 은 은 은 은 은 은 은 은 은 은 은 은 은 은 은 은 은 은 은 은 은 은 은 은,a basket filled with carrots on top of a table,테이블 위에 당근으로 가득한 바구니
vegetables,5027319,1,상품-대표-이미지 1,a white plate with a large head of cabbage,"흰색 접시, 큰 거루의 머리",a slice of bread,빵 한 조각,a white plate with a piece of cake on it,흰색 접시 위에 케이크 조각이 있는
vegetables,5027319,2,,a sliced fen fen fen fen fen fen fen fen fen fen fen fen fen fen fen fen fen fen fen,썰매 썰매 썰매 썰매,a side dish of buttered butternut squash,버터너트 스쿼시의 부방식,a close up picture of some broccoli on a table,테이블에 있는 브로콜리 한 잔의 근접적인 사진
vegetables,5030559,1,상품-대표-이미지 1,a cun on a napkin,바에 있는,a cucumber on a napkin on a napkin,에 있는 오징어,a green leafy plant sitting on top of a paper towel,종이용 수건 위에 앉아 있는 녹색 잎식물
vegetables,5030559,2,,a cuce cut into slices on a cutting board,썰매판에 조각으로 잘라낸 썰매,sliced cucumber slices on a cutting board,썰매판에 썰매가 된 오리,a wooden cutting board topped with a green leafy vegetable,"나무로 만든 단판, 초록색 잎식물"
vegetables,5027320,1,상품-대표-이미지 1,a bag of celera and celera celera,셀레라와 셀레라 셀레라,a bag of green onions and celery stalks.,녹색 양파와 셀러리 줄기,vegetables in plastic containers on the ground,바닥에 있는 플라스틱 용기에 있는 채소
vegetables,5027320,2,,a bag of celera and celera celera,셀레라와 셀레라 셀레라,a bag of asparagus and celery,아스파라지와 셀러리,a pile of vegetables sitting on top of a table,테이블 위에 앉아 있는 채소들의 집집
vegetables,5030557,1,상품-대표-이미지 1,two peppers and a bell pepper on a white surface,흰색 표면에 두 마늘과 한 마늘,a yellow and red pepper.,황색과 붉은,a red and white cat sitting next to a yellow and green apple,황색과 녹색 사과 옆에 앉아있는 빨간색과 흰색 고양이는
vegetables,5030557,2,,two peppers and a bell pepper,두 마늘과 한 마늘,a couple of small yellow and red peppers,작은 노란색과 빨간색,a close up picture of a close up picture of a close up picture of a close up picture of a close up picture of a close up picture of a close up picture of a close up picture of a close up picture of a close up picture,근접한 사진의 근접한 사진의 근접한 사진의 근접한 사진의 근접한 사진의 근접한 사진의 근접한 사진의 근접한 사진의 근접한 사진의 근접한 사진의 근접한 사진의 근접한 사진의 근접한 사진의 근접한 사진의 근접한 사진의 근접한 사진의 근접한 사진의 근접한 사진의 근접한 사진의 근접한 사진
vegetables,5000070,1,상품-대표-이미지 1,three carrots on a plate,한 판에 3개의 당근이,a plate with carrots on it,그 위에 당근이 있는 접시,a plate of carrots and potatoes on a table,테이블에 있는 당근과 감자 한 판
vegetables,5000070,2,,a plate with carrots and a knife on it,당근과 칼이 있는 접시,a carrot on a plate with a black plate.,검은 접시에 있는 접시에 있는 당근,a plate of carrots and celery on a table,테이블에 있는 당근과 셀러리 한 판
vegetables,1000443684,1,상품-대표-이미지 1,two bowls of lete salad with lete and lete,2개의 그릇의 레테 샐러드,lettuce in a white bowl,흰 그릇에 있는 라투스,a table topped with a bunch of green vegetables,녹색 채소 한 무리가 달린 테이블
vegetables,1000443684,2,,two bowls filled with lete lete lete lete lete lete lete lete lete lete lete lete let lete lete lete lete lete lete lete lete lete lete let,"2개의 그릇이 가득 차있는데,",lettuce leaves in a bowl on a table,테이블에 있는 그릇에 수록 된 라투스,a bowl of salad on a table,테이블에 있는 샐러드 그릇
vegetables,1000120872,1,상품-대표-이미지 1,spe spe spe spe spe spe spe spe spe spe spe spe spe spe,이리저리 이리저리 이리저리 이리저리 이리저리 이리저리 이리저리 이리저리 이리저리 이리저리 이리저리 이리저리 이리저리 이리저리 이리저리 이리저리 이리저리 이리저리 이리저리 이리저리 이리저리 이리저리 이리저리 이리저리 이리저,a bowl of corn,옥수수 한 그릇,a white bowl filled with pasta and vegetables,파스타와 채소로 가득한 흰 그릇
vegetables,1000120872,2,,a bowl of spel spil spil,한 그릇의 펠플 펠,a bowl of noodles with a yellow flower in it,노란색 꽃이 들어있는 을 넣는,a bowl filled with lots of different types of food,다양한 종류의 음식으로 가득한 그릇
vegetables,1000120884,1,상품-대표-이미지 1,a bunch of fresh green leaves on a white cloth,흰색 옷에 새 녹색 잎의 무리가,a bunch of fresh herbs.,신선한 허브가 많아요,a green leafy plant sitting on top of a white cloth,흰색의 천 위에 앉아 있는 녹색 잎식물
vegetables,1000120884,2,,a bunch of fresh green leaves on a white table,흰 테이블에 신선한 녹색 잎의 무리가,a bunch of fresh herbs,신선한 허브,a green leafy plant sitting on top of a white cloth,흰색의 천 위에 앉아 있는 녹색 잎식물
vegetables,5026449,1,상품-대표-이미지 1,sweet sweet sweet sweet sweet sweet sweet sweet sweet sweet sweet sweet sweet sweet sweet sweet sweet sweet sweet sweet sweet,달콤한 달콤한 달콤한 달콤한 달콤한 달콤한 달콤한 달콤한 달콤한 달콤한 달콤한 달콤한 달콤한 달콤한 달콤한 달콤한 달콤한 달콤한,a plate of potatoes and potatoes,감자와 감자 한 접시,a plate of food on a table,테이블에 있는 음식의 접시
vegetables,5026449,2,,sweet sweet potato recipe,달콤한 감자 요리,a bowl of potatoes and carrots,감자와 당근의 한 그릇,a bowl filled with lots of different kinds of food,다양한 종류의 음식으로 가득한 그릇
vegetables,5026450,1,상품-대표-이미지 1,a plate with potatoes and a knife on it,감자와 칼이 있는 접시,a plate of food with potatoes and a yellow egg.,감자와 노란 달걀을 넣은 음식 접시,a white plate topped with meat and vegetables,고기와 채소로 덮인 흰 판
vegetables,5026450,2,,a bowl of sweet potatoes,감자 한 그릇,a bowl of potatoes with a lemon on top.,이 있는 감자 그릇.,a bowl filled with lots of different types of food,다양한 종류의 음식으로 가득한 그릇
vegetables,5026448,1,상품-대표-이미지 1,a bowl of potatoes on a table,테이블에 있는 감자 그릇,a bowl of potatoes,감자 한 그릇,a bowl filled with lots of different types of food,다양한 종류의 음식으로 가득한 그릇
vegetables,5026448,2,,a bowl of potatoes and a small bowl of potatoes,감자 한 그릇과 작은 감자 한 그릇,potatoes and a potato in a bowl,감자와 한 그릇에 있는 감자,a bowl filled with lots of different types of food,다양한 종류의 음식으로 가득한 그릇
vegetables,5054660,1,상품-대표-이미지 1,a piece of broccota on a napkin,바늘에 있는 브로코타 조각,a broccoli head on a white napkin with a piece of broccoli head on top.,"흰색 냅킨에 브로콜리 머리가 있고, 위에 브로콜리 머리가 있습니다.",a piece of broccoli sitting on top of a paper towel,종이 수건 위에 앉아 있는 브로콜리 조각
vegetables,5054660,2,,a piece of broccota on a napkin,바늘에 있는 브로코타 조각,a piece of broccoli on a napkin with a piece of broccoli head on top.,바늘에 브로콜리 조각이 있고 머리 위에 브로콜리 조각이 있습니다.,a piece of broccoli on a white plate,흰색 접시에 있는 브로콜리 조각
vegetables,5053496,1,상품-대표-이미지 1,a cabbage head on a white cloth,흰색 천에 있는 뚜 머리,cabbage on a white background,흰색 배경에 있는 고추,a white towel sitting on top of a white towel,흰색 수건 위에 앉아 있는 흰색 수건
vegetables,5053496,2,,three cabbages on a table,테이블에 세 개의 쌀,cabbage on a white surface,흰색 표면에 있는 고추,a close up view of a close up view of some broccoli,브로콜리 한 잔의 근접적인 모습
vegetables,1002318657,1,상품-대표-이미지 1,a head of cabbage on a table,테이블에 있는 고추의 머리,the head of cabbage,뚜의 머리,a close up picture of a green leafy plant,초록색 잎식물의 근접적인 사진
vegetables,1002318657,2,,two pieces of cabbage on a cloth,두 조각의 고추를 천에,a green cabbage cut in half,녹색 콩을 반으로 잘라,a pair of green and white scissors on a white surface,흰색 표면에 있는 녹색과 흰색의 나고
vegetables,1000661274,1,상품-대표-이미지 1,a bag of food next to a bowl of vegetables,"식재료 가방, 채소 그릇 옆에 있는",a bag of food and a bowl of vegetables.,음식과 채소 한 그릇,a table topped with a variety of food items,다양한 음식물들로 덮인 테이블
vegetables,1000661274,2,,a white plate with a variety of vegetables,"흰색 접시, 다양한 채소를 넣고","a plate of food with broccoli, cauliflower, cauliflower, cauliflower, cauliflower, cauliflower, and carrots, cauliflower, cauliflower, cauliflower, cauliflowers,","브로콜리, 꽃가루, 꽃가루, 꽃가루, 꽃가루, 꽃가루, 꽃가루, 당근, 꽃가루, 꽃가루, 꽃가루, 꽃가루,",a white plate topped with vegetables and meat,흰색 접시로 채소와 고기를 덮고
vegetables,1000178619,1,상품-대표-이미지 1,three peppers and a bell pepper on a green background,녹색 배경에 3개의 펩터와 한 개의 펩터,a set of red and yellow peppers on a green background,녹색 배경에 붉은색과 노란색의 을 넣는,a table topped with a bunch of different types of food,여러 종류의 음식으로 덮인 테이블
vegetables,1000178619,2,,three peppers and two peppers on a green background,녹색 배경에 3개와 2개의,peppers on a green background,초록색 배경에 있는 펩터,a variety of fruits and vegetables on a table,식탁에 있는 과일과 채소
vegetables,5071102,1,상품-대표-이미지 1,a bag of mushrooms with a label on it,표기판이 있는 버섯 가방,a bag of doughnuts in a bag,가방에 도넛의 가방,a bagel filled with donuts sitting on top of a table,도넛으로 가득한 바젤은 테이블 위에 앉아 있습니다.
vegetables,5071102,2,,a bag of mushrooms with a label on it,표기판이 있는 버섯 가방,a bag of cookies,쿠키 가방,a bagel filled with lots of different types of bread,빵 종류가 다양 한 종류 로 가득 한 바겔
vegetables,5049924,1,상품-대표-이미지 1,spinula spinula spinula spinula spinula spinula spinula spinula spinula spinula spin,스핀울 스핀울 스핀울 스핀울 스핀울 스핀울 스핀울 스핀울 스핀울 스핀울 스핀울 스핀울 스핀울 스핀울 스핀울 스핀울 스핀울 스핀울 스핀울 스핀울 스핀울 스핀울 스핀울 스핀울 스핀울 스핀울 스핀울 스핀울 스핀울 스핀울 스핀울 스핀울 스핀울,a white plate topped with spinach leaves.,"흰색 접시, 스파나치 잎으로 덮여 있습니다.",a green leafy vegetable sits on a white plate,흰 판에 녹색 잎식물이 앉아 있습니다.
vegetables,5049924,2,,spinets with spinles and spinles,이거나 이 있는 이,a plate of spinach leaves and spinach leaves.,스파나치 잎과 스파나치 잎의 한 판,a pile of broccoli sitting on top of a white plate,흰 판 위에 앉아 있는 브로콜리 덩어리
vegetables,5027318,1,상품-대표-이미지 1,a wooden bowl filled with peeled peanuts,껍질이 벗겨진 땅콩으로 가득한 나무 그릇,a bowl of white beans,흰콩의 그릇,a bowl filled with lots of different types of fruit,여러 종류의 과일로 가득한 그릇
vegetables,5027318,2,,a bowl of peanuts and a bowl of peanuts,땅콩과 땅콩의 그릇,a wooden bowl of pistachios,피스타치오의 목조 그릇,a bowl filled with lots of different types of fruit,여러 종류의 과일로 가득한 그릇
vegetables,5031391,1,상품-대표-이미지 1,two white mushrooms on a white towel,흰색 수건에 두 개의 흰색 버섯,biological species is a must for any season.,생물학적 종은 어떤 계절에도 필수적입니다.,a pair of scissors sitting on top of a white cloth,흰색 옷 위에 앉아 있는 나고
vegetables,5031391,2,,a bunch of garlic on a white cloth,흰색 옷에 걸린 마늘,a close up of the seeds on a branch,종자 들 을 가지 에 얹어,a piece of cloth that is tied to a piece of cloth,천 조각을 천 조각에 묶어
vegetables,5031395,1,상품-대표-이미지 1,a white plate with a green vegetable on it,"흰색 접시, 그 위에 녹색 채소",a peeled onion on a plate.,접시에 달린 을 벗겨,a white plate with a green plant in it,"흰색 접시, 그 안에 녹색 식물이 들어 있는"
vegetables,5031395,2,,a white plate with sliced potatoes and a knife,은 감자와 칼을 넣은 흰 판,a plate of sliced bananas and a green pea.,한 판 썰린 바나나와 녹색 콩,a white plate topped with a sliced up banana,썰어진 바나나로 덮인 흰 판
vegetables,1000952172,1,상품-대표-이미지 1,a bag of banana slices on a white surface,흰색 표면에 바나나 조각의 가방,a bag of frozen foods,냉동 식품의 가방,a variety of food items on a white surface,흰색 표면에 있는 다양한 식품
vegetables,1000952172,2,,two small plastic containers with a small white container filled with rice,작은 흰색 용기로 된 쌀로 가득한 두 개의 작은 플라스틱 용기,a picture of a plastic container filled with rice.,쌀로 가득한 플라스틱 용기의 사진,two plastic containers filled with different types of food,다른 종류의 음식으로 가득한 플라스틱 용기 두 개
vegetables,5000333,1,상품-대표-이미지 1,two cus on a white plate,흰 판에 두 개의 큐스,a pair of zucchini on a plate,한 접시에 한 쌍의 주치니,a white plate with a bunch of green vegetables on it,"흰색 접시, 그 위에 녹색 채소"
vegetables,5000333,2,,a cun with a knife and some cuns on a cutting board,칼을 들고 을 을 을 을 을 을,the cucumbers are cut in half and ready to be cut.,오징어는 반으로 잘라서 잘라내기 위해 준비되어 있습니다.,a pair of green onions on a cutting board,판에 있는 녹색 양파
vegetables,1000079725,1,상품-대표-이미지 1,a box of potatoes sitting on a table,테이블에 앉아 있는 감자 상자,a box of potatoes on the ground.,땅 위에 감자 박스가 놓여있어요.,a box filled with lots of different types of fruit,여러 종류의 과일들로 가득한 상자
vegetables,1000079725,2,,a box of red potatoes on a concrete surface,콘크리트 표면에 붉은 감자 상자,a box of potatoes on a table,테이블에 있는 감자 박스,a box filled with lots of different types of apples,여러 종류의 사과로 가득한 상자
vegetables,1001176677,1,상품-대표-이미지 1,a plate with lete and lete lete salad,레테와 레테 라테 샐러드를 넣은 접시,a plate of lettuce and lettuce on a table with a white plate,흰색 접시에 있는 테이블에 있는 라투와 라투의 접시,a plate of vegetables sitting on top of a table,테이블 위에 앉아 있는 채소 접시
vegetables,1001176677,2,,a plate with lete and lete lete lete lete lete lete lete lete lete lete lete lete lete lete lete lete lete lete lete lete lete lete,한 판으로 한 판으로 한 판으로 한 판으로 한 판으로 한 판으로 한 판으로 한 판으로 한 판으로 한 판으로 한 판으로 한 판으로 한 판으로 한 판으로 한 판으로 한 판으로 한 판으로 한 판으로 한 판으로 한 판으로 한 판으로 한 판으로 한 판으로 한 판으로 한 판으로 한 판으로 한 판으로 한 판으로 한 판으로 한 판으로 한 판으로 한 판으로 한 판으로,a plate of lettuce and lettuce on a table with a white surface.,흰색 표면으로 된 테이블에 라투와 라투의 접시,a plate of vegetables on a table,테이블에 있는 채소 접시
vegetables,5036663,1,상품-대표-이미지 1,a bunch of fresh green onions on a gray surface,회색 표면에 새 녹색 양파의 무리가,a bundle of fresh grass,신선한 풀의 뭉치,a pile of green leaves sitting on top of a sidewalk,산책길 위에 앉아 있는 녹색 잎의 집집
vegetables,5036663,2,,a bunch of green onions on a concrete surface,콘크리트 표면에 있는 녹색 양파,a bunch of fresh grass,신선한 풀집,a green leafy green plant in the middle of a sidewalk,산책의 한가운데에 있는 녹색 잎자루 녹색 식물이
vegetables,5048049,1,상품-대표-이미지 1,a cup of yoo and a container of yoo,한 잔 유과 한 잔 유,the best of the products,가장 좋은 제품,a cup of coffee and a cookie on a table,커피 한 잔과 테이블에 쿠키
vegetables,5048049,2,,a container of rice and a container of rice,쌀 용기와 쌀 용,a plate of food and a bottle of milk,음식과 우유 병,a plastic container filled with food next to a spoon,접시 옆에 음식으로 가득한 플라스틱 용기
vegetables,5000718,1,상품-대표-이미지 1,a basket filled with spinets and spinets,스핀넷과 스핀넷으로 가득한 바구니,a basket of green vegetables.,녹색 채소 한 바구니.,a basket filled with vegetables on top of a table,테이블 위에 채소로 가득한 바구니
vegetables,5000718,2,,spinets and spinles in a wire basket,철도 바구니에 있는 스핀렛과 스핀들,a basket of spinach and spinach leaves,스파나치와 스파나치 잎의 바구니,a basket of vegetables sitting on top of a table,테이블 위에 앉아 있는 채소 바구니
vegetables,5063699,1,상품-대표-이미지 1,fresh basil leaves in a bowl,한 그릇에 신선한 바젤리 잎,a small bowl of fresh basil.,신선한 바젤리 한 그릇,a white bowl filled with green vegetables on top of a table,테이블 위에 녹색 채소로 가득한 흰 그릇
vegetables,5063699,2,,a bowl of fresh green leaves,신선한 녹색 잎의 그릇,how to make a sprig of basil,바실리 잎을 만드는 방법,a white bowl filled with a bunch of green vegetables,녹색 채소 덩어리로 가득한 흰 그릇
vegetables,1002318659,1,상품-대표-이미지 1,two broccos on a piece of paper,종이 한 조각에 두 개의 브로코,a piece of broccoli sitting on a table with a piece of wood.,나무 조각으로 테이블에 앉아있는 브로콜리 조각,a close up picture of broccoli on a blanket,담요에 있는 브로콜리의 근접적인 사진
vegetables,1002318659,2,,a bunch of broccote,브로코트 한 덩어리,a bunch of broccoli florets and broccoli sitting on a white cloth with a towel.,흰색 천장에 앉아 있는 브로콜리 꽃과 브로콜리,a pile of broccoli sitting on top of a blanket,담요 위에 앉아 있는 브로콜리 덩어리
vegetables,5031100,1,상품-대표-이미지 1,a head of cabbage on a plate,접시에 있는 고추의 머리,cabbage on a plate,접시에 있는 고추,a white plate with a bunch of green vegetables on it,"흰색 접시, 그 위에 녹색 채소"
vegetables,5031100,2,,two heads of cabbage on a gray surface,회색 표면에 두 개의 뚜,"cabbage - - the most important thing to eat it is to be healthy and you ' s a healthy, but it ' s a healthy and you ' ll be sure to know.",카발 - - 가장 중요한 것은 건강하고 건강하다는 것입니다.,a close up view of a close up view of a plant,식물에 대한 근접적인 시각
vegetables,1000118036,1,상품-대표-이미지 1,a bag of rice with a white background,흰색 배경의 쌀 봉투,a packet of rice,쌀 한 팩,a piece of paper that is on the ground,바닥에 있는 종이 조각
vegetables,1000118036,2,,a bowl of sugar on a table,테이블에 있는 설탕 그릇,a bowl of cooked food,요리된 음식의 그릇,a bowl filled with food on top of a table,테이블 위에 음식으로 가득한 그릇
vegetables,5104176,1,상품-대표-이미지 1,a bag of coffee and a cup of coffee on a table,커피 한 가방과 테이블에 커피 한 잔,a bag of food and a hot dog,음식과 핫도그,a plate of food that includes a hot dog and french fries,핫도그와 프렌치 프라이즈를 포함하는 음식 접시
vegetables,5104176,2,,a plate with a small piece of squash on it,작은 조각의 수박이 있는 접시,a plate of food on a table.,테이블에 음식의 한 판이 있습니다.,a white plate topped with a bunch of different types of food,흰색 접시로 여러 종류의 음식이 들어있으며
vegetables,1002030400,1,상품-대표-이미지 1,a cun on a wall,벽에,a green cucumber against a beige background,베이지 배경에 있는 녹색 오징어,a close up picture of a green leafy plant,초록색 잎식물의 근접적인 사진
vegetables,1002030400,2,,a cun on a beige background,색 배경에 있는,a green cucumber on a beige background.,베이지 바탕에 녹색 오징어,a green and yellow plant sitting on top of a table,테이블 위에 앉아 있는 녹색과 노란색 식물이
vegetables,5044050,1,상품-대표-이미지 1,two slices of bread on a cutting board,판에 두 조각의 빵,two hot dogs on a cutting board.,두 개의 핫도그가 잘라내는 데 있습니다.,a wooden table topped with different types of food,다른 종류의 음식으로 덮인 나무 테이블
vegetables,5044050,2,,a wooden cutting board with two slices of white bread and two slices of white bread,흰 빵의 두 조각과 흰 빵의 두 조각이 있는 나무의 절단판,a pair of sliced cucumbers on a cutting board.,썰매판에 썰매가 된 거북이,a table topped with different types of doughnuts,다채로운 도넛으로 덮인 테이블
vegetables,5058732,1,상품-대표-이미지 1,a white plate with mushrooms on it,"흰색 접시, 그 위에 버섯이 들어있으며",a plate of mushrooms with a label on it,표기판을 새긴 버섯,a plate of food on a table,테이블에 있는 음식의 접시
vegetables,5058732,2,,a white plate with mushrooms on it,"흰색 접시, 그 위에 버섯이 들어있으며",mushrooms on a plate with a box of mushrooms.,버섯의 상자와 함께 한 판에 버섯을 넣습니다.,a plate of food on a table,테이블에 있는 음식의 접시
vegetables,5071326,1,상품-대표-이미지 1,a bag of shredded shredded shredded shredded shredded shredded shredded shredded shredded shredded shredded shredded shredded shredded shredded shredded shredded shredded,은 은 은 은 은 은 은 은 은 은 은 은 은 은 은 은 은 은 은 은 은 은,a plate of noodles with noodles on it.,이 달린 이 한 장.,a white bowl filled with food next to a paper towel,종이용 수건 옆에 음식으로 가득한 흰 그릇
vegetables,5071326,2,,shredded shredded shredded shredded shredded shredded shredded shredded shredded shredded shredded shredded shredded shredded shredded shredded shredded shredded shredded shredded shredded,은 은 은 은 은 은 은 은 은 은 은 은 은 은 은 은 은 은 은 은 은 은 은 은 은 은 은 은 은 은 은 은 은,a plate of noodles,을 한 판,a white bowl filled with noodles and vegetables,과 채소로 가득한 흰 그릇
vegetables,1000258072,1,상품-대표-이미지 1,lete lete lete lete lete lete lete lete lete lete let,,a bunch of lettuce on a white background,흰색 배경에 있는 수염,vegetables are arranged in a row on a cutting board,채소들은 깎기판에 줄을 서 배치되어 있습니다.
vegetables,1000258072,2,,let let let let let let let let let let let let let let let let let let let let let let let let let let let let let let let let let let let let let let let let let let let let let let let let let let,,"lettuce - - - a healthy spinach that ' s a lot of healthy, healthy, healthy, healthy, healthy, healthy, healthy, healthy, healthy, and healthy, but healthy, healthy, healthy, organic, organic, organic -","알라추 - - - - 건강한 스파나치, 건강하고, 건강하고, 건강하고, 건강하고, 건강하고, 건강하고, 건강하고, 건강하고, 건강하고, 건강하고, 건강하고, 건강하고, 유기적이고, 유기적이며, 유기적이며, 유기적이며, 유기적이며,",a close up view of a green leafy plant,초록색 잎식물의 근접적인 전망
vegetables,5042793,1,상품-대표-이미지 1,bro bro bro bro bro bro bro bro bro bro bro bro bro bro bro bro bro bro bro bro bro,"형아, 형아, 형아, 형아, 형아, 형아, 형아, 형아, 형아, 형아, 형아, 형아, 형아, 형아, 형아, 형아, 형아, 형아, 형아, 형아, 형아, 형아, 형아, 형아, 형아, 형아, 형아, 형아, 형아, 형아, 형아, 형아, 형아,",a white plate with broccoli floret and a bag of broccoli florets on it,브로콜리 꽃과 흰 판과 그 위에 브로콜리 꽃의 가방,a white plate topped with broccoli,브로콜리로 덮인 흰 판
vegetables,5042793,2,,a white plate with broccodes,브로코드 있는 흰 판,a plate of broccoli on a table with a white plate,흰색 접시에 있는 테이블에 있는 브로콜리 접시,a plate of broccoli on a table,테이블에 있는 브로콜리 접시
vegetables,1000441195,1,상품-대표-이미지 1,a bowl of sweet sweet potatoes,달콤한 감자 한 그릇,a bowl of potatoes,감자 한 그릇,a bowl filled with lots of different kinds of fruit,여러 종류의 과일들로 가득한 그릇
vegetables,1000441195,2,,a pan full of sweet sweet potatoes,달콤한 감자 가득한 판,potatoes in a black pot,검은 냄비에 있는 감자,a pot filled with lots of green beans,많은 녹색콩으로 가득한 냄비
vegetables,1001544134,1,상품-대표-이미지 1,"a plate of raw, un - peeled, un - peeled, un - peeled, un - peeled, un - peeled, un - peeled","무질, 비피 벗겨지지 않은, 비피 벗겨지지 않은, 비피 벗겨지지 않은, 비피 벗겨지지 않은, 비피 벗겨지지 않은, 비피 벗겨지지 않은 원료의 접시",a plate of dough balls on a table.,테이블에 있는 덩어리판,a white bowl filled with white crumbs on top of a white plate,흰 판 위에 흰 덩어리들로 가득한 흰 그릇
vegetables,1001544134,2,,a plate of potatoes and a bowl of potatoes,감자 접시와 감자 그릇,a bowl of potatoes and a plate of potatoes,감자 한 그릇과 감자 한 판,a white plate topped with lots of different types of food,흰색 접시로 여러 종류의 음식이 들어있으며
vegetables,5071327,1,상품-대표-이미지 1,a bag of noodles next to a bowl of noodles,을 한 그릇 옆에 넣은 을 한 가방,the new bag of noodles,새로운  가방,a white plate topped with a bunch of food,흰색 접시로 덮여 있는 음식
vegetables,5071327,2,,a white plate with shredded shredded shredded shredded shredded shredded shredded shredded shredded shredded shredded shredded shredded shredded shredded shredded shredded,"흰색 접시, 쪼개진 쪼개진 쪼개진 쪼개진 쪼개진 쪼개진 쪼개진 쪼개진 쪼개진",a plate of noodles with onions and yellow flowers.,양파와 노란색 꽃이 들어있는 누드러스 접시,a white bowl filled with lots of different types of food,다양한 종류의 음식으로 가득한 흰 그릇
vegetables,1001227997,1,상품-대표-이미지 1,a bunch of onions on a white surface,흰색 표면에 있는 양파,the garlic is ready to be cut into pieces.,마늘은 조각으로 갈라질 준비가 되어 있습니다.,a white plate topped with lots of different types of vegetables,흰색 접시로 여러 종류의 채소를 덮고
vegetables,1001227997,2,,a bunch of onions on a napkin,한 에 을 다,the garlic is ready to be cut.,마늘은 잘라내기 위해 준비되어 있습니다.,a white plate topped with lots of different types of vegetables,흰색 접시로 여러 종류의 채소를 덮고
vegetables,1001985604,1,상품-대표-이미지 1,a bunch of onions on a green background,녹색 배경에 양파의 무리가,a bunch of white onions.,흰 양파 한 무리가,bunches of green and white plantains sitting on a table,테이블에 앉아 있는 녹색과 흰 플란타인
vegetables,1001985604,2,,cee cee cee cee cee cee cee cee cee cee cee cee cee cee ce,cee cee cee cee cee cee cee cee cee cee cee cee cee cee cee cee cee cee cee cee cee cee cee cee cee cee cee cee cee cee cee cee cee cee cee cee cee cee cee cee cee cee cee cee cee cee cee cee cee cee cee cee cee cee cee cee cee cee cee cee cee cee cee cee cee cee cee cee cee cee cee cee cee cee cee cee cee cee cee cee cee cee cee cee cee cee cee cee cee cee cee cee cee cee cee cee cee cee cee,asparagus on a cutting board,깎아내는 데 있는 스파라지,a wooden cutting board topped with chopped up vegetables,나무로 만든 단판으로 깎은 채소
vegetables,5001063,1,상품-대표-이미지 1,a plate with a piece of broccole on it,브로콜로 된 접시,a plate of broccoli on a white table.,흰 테이블에 브로콜리 접시.,a piece of broccoli on a white plate,흰색 접시에 있는 브로콜리 조각
vegetables,5001063,2,,a plate with broccos and broccos on it,브로코와 브로코를 넣은 접시,a plate with broccoli on it and a white plate on it.,브로콜리 접시와 흰 접시,a plate of broccoli on a table,테이블에 있는 브로콜리 접시
vegetables,5054661,1,상품-대표-이미지 1,two black eggplies on a napkin,두 개의 검은 달걀 이 serviette에,a pair of eggplant.,양배추 한 쌍.,a pair of black and white scissors on a white cloth,흰색의 천에 검은색과 흰색의 사자
vegetables,5054661,2,,a black egg and sliced egg on a napkin,검은 달걀과 썰매 달걀,a cucumber and cucumber are laying on a towel with cucumbers on a towel.,오징어와 오징어는 뚜에 오징어와 함께 뚜에 놓여 있습니다.,a cut up banana sitting on top of a table,테이블 위에 앉아 있는 잘라진 바나나
vegetables,5045384,1,상품-대표-이미지 1,three leaves on a white napkin,흰색 냅킨에 3개의 잎이 있습니다.,i found this plant in a box on the road in the park.,공원 도로에 있는 상자에서 이 식물을 찾았어요,a green leafy plant sitting on top of a white cloth,흰색의 천 위에 앉아 있는 녹색 잎식물
vegetables,5045384,2,,three different colored leaves on a white cloth,흰색의 천에 세 가지 색의 잎이 있습니다.,the first leaf to be picked from the garden.,정원에서 처음 채취되는 잎,a green and white flower sitting on top of a white cloth,흰색 천 위에 앉아 있는 녹색과 흰색 꽃
