category,product_id,image_order,HyperCLOVAX_KOR,qwen_3_deepl_KOR,HyperCLOVAX_KOR_processed,qwen_3_deepl_KOR_processed
bakery,5003416,1,이미지에는 다양한 종류의 타르트 12개가 상자 안에 담겨 있습니다.,"잼, 바나나, 견과류 등 각기 다른 속재료를 담은 다양한 미니 타르트가 들어 있는 검은색 상자가 줄무늬 천이 깔린 어두운 배경 위에 놓여 있다. 전경에는 부서진 타르트와 포크가 놓인 작은 접시가 있다.",다양 종류 타르트 12개 상자 안 담기다,잼 바나나 견과 각기 속 재료 담다 다양 미니 타르트 들다 검은색 상자 줄무늬 천 깔리다 배경 전경 부서지다 타르트 포크 작다
bakery,5003416,2,이미지에는 다양한 맛의 타르트가 담긴 상자가 있습니다.,"잼, 견과류, 과일 등 다양한 속재료를 넣은 작고 황금빛 갈색의 페이스트리 16개가 들어 있는 상자. 줄무늬 천이 깔린 검은색 쟁반 위에 정갈하게 놓여 있으며, 배경에는 “Le Chateau de Ma Vie”라고 적힌 검은색 상자가 보인다.",다양 맛 타르트 담기다 상자,잼 견과 과일 다양 속 재료 넣다 작다 황금빛 갈색 페이스트리 16개 들다 상자 줄무늬 천 깔리다 검다 색 쟁반 배경 Le_Chateau_de_Ma_Vie 적히다 검은색 상자 보이다
bakery,5007270,1,"이미지에는 여러 조각으로 잘린 빵과 빵을 자르는 칼, 잼이 담긴 작은 그릇과 흰색 주전자가 놓인 테이블이 있습니다.","녹색, 분홍색, 흰색 층이 드러나는 단면을 가진 알록달록한 빵 한 덩어리가 나무 도마 위에 칼과 함께 썰려 놓인, 아름답게 차려진 아침 식사 장면입니다. 접시 위에는 빵 한 조각과 숟가락, 작은 잼 병이 놓여 있습니다. 흰색 주전자와 숟가락, 잼 병이 담긴 작은 접시도 함께 있습니다.",여러 조각 잘리다 빵 빵 자르다 칼 잼 담기다 작다 흰색 주전자 테이블,녹색 분홍색 흰색 층 드러나다 단면 가지다 알록달록 빵 덩어리 나무 도마 칼 함께 썰다 차리다 아침 식사 장면 빵 조각 숟가락 작다 잼 병 흰색 주전자 숟가락 잼 병 담기다 작다 함께
bakery,5007270,2,이미지에는 다양한 음식이 놓인 테이블이 있습니다.,"유리 접시 위에 햄과 치즈 토스트 한 조각이 놓여 있고, 나무 코스터 위에는 작은 우유 잔이, 은색 쟁반 위에는 빵 한 조각과 작은 우유 그릇이, 그리고 나무 판 위에는 레드 와인 한 잔과 말차 빵과 분홍색 빵 두 조각이 놓인 아침 식탁을 위에서 내려다본 모습.",다양 음식 테이블,유리 햄 치즈 토스트 조각 나무 코스터 작다 우유 잔 은색 쟁반 빵 조각 작다 우유 그리고 나무 판 레드 와인 잔 말차 빵 분홍색 빵 조각 아침 식탁 내려다보다 모습
bakery,5012764,1,"이미지에는 두 개의 롤케이크가 접시에 담겨 있고, 그 뒤에는 꽃이 담긴 화병과 상자가 놓여 있는 모습입니다.","흰색 접시 위에 연한 색의 가루가 뿌려진 롤케이크 두 조각이 담겨 있고, 배경에는 흰 꽃이 꽂힌 작은 꽃병과 상자들이 놓여 있다.",2개 롤 케이크 담기다 뒤 꽃 담기다 화병 상자 모습,흰색 연하다 색 가루 뿌리다 롤 케이크 조각 담기다 배경 희다 꽃 꽂히다 작다 꽃병 상자
bakery,5012764,2,"이미지에는 접시에 담긴 롤케이크와 찻잔, 찻주전자가 놓인 테이블이 있습니다.","크리미한 필링이 들어간 바닐라 롤케이크가 가루 설탕을 살짝 뿌려 아름답게 담겨 흰 접시 위에 놓여 있고, 한 조각은 더 작은 접시에 담겨 있습니다. 찻잔과 찻받침, 그리고 흰 꽃이 꽂힌 작은 꽃병이 더해져 우아하고 평온한 분위기를 완성합니다.",담기다 롤 케이크 찻잔 차다 주전자 테이블,크리미 필링 들어가다 바닐라 롤 케이크 가루 설탕 살짝 뿌리다 담기다 희다 조각 더 작다 담기다 찻잔 찻받침 그리고 희다 꽃 꽂히다 작다 꽃병 더 평온 분위기 완성
bakery,5025646,1,이미지에는 세 개의 슈퍼넛츠 크런치 땅콩버터 용기가 놓여 있고 그 중 한 용기에는 나무 숟가락으로 땅콩버터를 떠서 그릇에 담고 있습니다.,"“크런치”라고 적힌 병 하나와 “스무스”라고 적힌 병 하나 등 슈퍼넛츠(SuperNuts) 땅콩버터 3병이 회색 바탕 위에 진열되어 있으며, 전경에는 스무스 맛 땅콩버터가 담긴 작은 그릇이 놓여 있다. 뚜껑이 열린 병의 뚜껑 위에는 땅콩버터가 묻은 나무 숟가락이 놓여 있다.",3개 슈퍼 넛츠 크런치 땅콩 버터 용기 중 용기 나무 숟가락 땅콩 버터 뜨다 담다,크런치 적히다 병 스무스 적히다 병 슈퍼넛츠 땅콩 버터 3 병 회색 진열 스무스 맛 땅콩 버터 담기다 작다 뚜껑 열리다 병 뚜껑 땅콩 버터 나무 숟가락
bakery,5025646,2,이미지에는 세 개의 유리 그릇에 담긴 땅콩버터가 있습니다.,"부드럽고 연한 갈색의 땅콩버터가 가득 담긴 유리병 세 개가 놓여 있으며, 앞쪽에 있는 한 병에서는 나무 숟가락으로 땅콩버터를 한 숟가락 떠 올리고 있는 모습이 보인다.",3개 유리 담기다 땅콩 버터,연하다 갈색 땅콩 버터 가득 담기다 유리병 3개 앞쪽 병 나무 숟가락 땅콩 버터 숟가락 뜨다 올리다 모습 보이다
bakery,5040946,1,이미지에는 파스키어 브랜드 마카롱이 담긴 두 개의 접시가 있습니다. 한 접시에는 포크와 함께 마카롱이 놓여 있고 다른 접시에는 다양한 맛의 마카롱이 놓여 있습니다.,"하늘색 배경 위에 파스키에 마카롱 한 상자가 놓여 있고, 그 위에는 알록달록한 마카롱이 담긴 접시 두 개가 놓여 있습니다. 한 접시에는 포크가 꽂힌 마카롱 몇 개가 담겨 있고, 다른 접시에는 다양한 색상의 마카롱들이 진열되어 있습니다.",파스키어 브랜드 마카롱 담기다 2개 포크 함께 마카롱 다양 맛 마카롱,하늘색 배경 파스키 마카롱 상자 알록달록 마카롱 담기다 2개 포크 꽂히다 마카롱 몇개 담기다 다양 색상 마카롱 진열
bakery,5040946,2,이미지에는 파란색과 흰색 무늬가 있는 접시에 다양한 색상의 마카롱이 놓여 있습니다.,"파란색과 흰색 무늬가 들어간 접시 위에 분홍색, 노란색, 초록색, 갈색 등 다양한 색조의 알록달록한 마카롱이 담겨 있다. 배경에는 마카롱이 담긴 또 다른 접시가 보인다.",파란색 흰색 무늬 다양 색상 마카롱,파란색 흰색 무늬 들어가다 분홍색 노란색 초록색 갈색 다양 색조 알록달록 마카롱 담기다 배경 마카롱 담기다 또 보이다
bakery,5043336,1,이미지에는 다양한 맛의 스프레드 제품이 나란히 놓여 있습니다.,"검은색 뚜껑이 달린 작은 유리병들이 한 세트로 모여 있으며, 각 병에는 서로 다른 종류의 크림 같은 스프레드가 들어 있습니다. 라벨은 알록달록하며, 영어와 한국어로 된 브랜드명 “FOURB SPREAD”가 적혀 있고, “블랙 올리브”, “토마토”, “블루베리”, “시나몬”, “딸기 크림치즈” 등 다양한 맛이 표시되어 있습니다.",다양 맛 스프레드 제품 나란히,검은색 뚜껑 달리다 작다 유리병 세트 모이다 병 서로 다르다 종류 크림 같다 스프레드 들다 라벨 알록달록 하다 영어 한국어 되다 브랜드 명 FOURB_SPREAD 적히다 블랙_올리브 토마토 블루베리 시나몬 딸기_크림치즈 다양 맛 표시
bakery,5043336,2,이미지에는 여러 종류의 스프레드 제품이 나란히 놓여 있습니다.,"크리미한 스프레드가 가득 담긴 8개의 유리병 세트로, 각각 다른 맛과 색상을 띠고 있으며 흰색 바탕 위에 정갈하게 진열되어 있습니다. 병에는 “FOURB SPREAD”라고 적혀 있으며, 블랙 올리브, 토마토, 시나몬 & 건포도 크림치즈 등 다양한 맛의 제품이 포함되어 있습니다.",여러 종류 스프레드 제품 나란히,크리미 스프레드 가득 담기다 8개 유리병 세트 각각 다르다 맛 색상 띠다 흰색 진열 병 FOURB_SPREAD 적히다 블랙 올리브 토마토 시나몬 건포도 크림치즈 다양 맛 제품 포함
bakery,5044137,1,"이미지에는 나무 도마 위에 놓인 초콜릿 케이크와 그 케이크 상자가 놓여 있습니다. 케이크는 여러 층으로 되어 있고 윗면에는 초콜릿으로 된 무늬가 있으며, 상자에는 'NAPOLEON'이라는 글자가 적혀 있습니다.","매끄러운 초콜릿 글레이즈가 발라져 있고, 윗면에 섬세한 물결무늬가 새겨진 직사각형 초콜릿 케이크가 나무 접시 위에 놓여 있다. 케이크 안에는 초콜릿과 크림 필링이 여러 겹으로 들어 있다. 그 옆에는 파란색 테두리가 둘러진 흰색 상자가 놓여 있으며, 상자에는 “NAPOLION”이라는 브랜드명이 인쇄되어 있다.",나무 도마 초콜릿 케이크 케이크 상자 케이크 여러 층 되다 윗면 초콜릿 되다 무늬 상자 NAPOLEON 글자 적히다,초콜릿 글레이즈 바르다 윗면 물결 무늬 새기다 직사각형 초콜릿 케이크 나무 케이크 안 초콜릿 크림 필링 여러 겹 들다 옆 파란색 테두리 두르다 흰색 상자 상자 NAPOLION 브랜드 명 인쇄
bakery,5044137,2,이미지에는 초콜릿 케이크 한 조각이 놓인 흰색 접시가 있습니다.,흰 크림이 층층이 쌓인 직사각형 초콜릿 케이크가 나무 판과 흰 접시 위에 놓여 있다. 접시 위에는 나무 포크와 함께 케이크 한 조각이 담겨 있다.,초콜릿 케이크 조각 흰색,희다 크림 층층이 쌓이다 직사각형 초콜릿 케이크 나무 판 희다 나무 포크 함께 케이크 조각 담기다
bakery,5044138,1,이미지에는 나폴레옹 브랜드의 케이크가 있습니다.,"나폴레옹 케이크가 담긴 직사각형 상자가, 얇게 썬 나폴레옹 롤이 담긴 흰색 접시 옆에 놓여 있어, 케이크 속의 층층이 쌓인 단면이 잘 드러나 있습니다.",나폴레옹 브랜드 케이크,나폴레옹 케이크 담기다 직사각형 상자 얇다 썰다 나폴레옹 롤 담기다 흰색 옆 케이크 속 층층이 쌓이다 단면 잘 드러나다
bakery,5044138,2,이미지에는 갈색의 직사각형 모양 케이크가 있습니다.,"바깥쪽은 황금빛 갈색을 띠며 바삭바삭하고, 안쪽은 층층이 쌓인 바삭한 식감을 지닌 길쭉한 직사각형 케이크가, 잘라내어 정교한 단면이 드러난 채로 부드러운 분홍색 배경을 배경으로 흰 접시 위에 담겨 있다.",갈색 직사각형 모양 케이크,바깥쪽 황금빛 갈색 띠다 바삭바삭 안쪽 층층이 쌓이다 바삭 식감 지니다 직사각 케이크 자르다 단면 드러나다 채 분홍색 배경 배경 희다 담기다
bakery,5052041,1,이미지에는 빵 한 덩어리와 반으로 잘린 빵 조각이 있습니다.,"황금빛 갈색 껍질을 가진 짙은 색의 소박한 빵 한 덩어리가 두 조각으로 잘려, 중성적인 색상의 표면 위에 놓인 구겨진 밝은 색의 리넨 천 위에 놓여 있다.",빵 덩어리 반 잘리다 빵 조각,황금빛 갈색 껍질 가지다 짙다 색 빵 덩어리 조각 잘리다 중성 색상 표면 구겨지다 밝다 색 리넨 천
bakery,5052041,2,이미지에는 빵이 있습니다.,겉은 짙은 갈색을 띠고 속은 기포가 가득해 폭신폭신한 수제 빵 한 덩어리가 여러 조각으로 잘려 구겨진 리넨 천 위에 놓여 있다.,빵,겉 짙다 갈색 띠다 속 기포 가득 폭신폭신 수제 빵 덩어리 여러 조각 잘리다 구겨지다 리넨 천
bakery,5052044,1,이미지에는 나무 도마 위에 놓인 통밀빵 한 덩어리가 있습니다.,"짙은 색의 갈라진 껍질과 가루가 살짝 뿌려진 소박한 직사각형 모양의 빵 한 덩이가 밝은 색의 표면 위에 놓여 있다. 배경에는 나무 도마 위에 빵 한 조각이 놓여 있는데, 그 단면에서는 공기 주머니가 선명하게 보이는 부드럽고 폭신폭신한 속살이 드러나 있다.",나무 도마 통밀 빵 덩어리,짙다 색 갈라지다 껍질 가루 살짝 뿌리다 직사각 모양 빵 덩이 밝다 색 표면 배경 나무 도마 빵 조각 단면 공기 주머니 선명 보이다 폭신폭신 속살 드러나다
bakery,5052044,2,이미지에는 나무 도마 위에 놓인 여러 조각의 빵이 있습니다.,"갓 구워낸 수제 빵을 썰어 소박한 나무 도마 위에 올려놓은 근접 촬영 사진이다. 빵은 짙은 황금빛 껍질을 띠고 있으며, 속은 기포가 가득하고 폭신폭신해, 잘 부풀어 오른 풍미 가득한 빵임을 짐작하게 한다.",나무 도마 여러 조각 빵,갓 수제 빵 썰다 나무 도마 올려놓다 근접 촬영 다 빵 짙다 황금빛 껍질 띠다 속 기포 가득 폭신폭신 잘 부풀다 오르다 풍미 가득 빵 짐작
bakery,5057085,1,이미지에는 다양한 종류의 빵이 포장된 상자가 있습니다.,"PNB 브랜드 페이스트리가 3×4 격자 모양으로 가지런히 배열된 상자입니다. 각 페이스트리는 투명한 비닐로 개별 포장되어 있습니다. 상자는 주황색이며, 밀 이삭과 “PNB”, “SINCE 1951”이라는 문구가 들어간 로고가 있습니다. 뚜껑이 열려 있어 안의 페이스트리가 보입니다.",다양 종류 빵 포장 상자,브랜드 페이스 트리 3 4 격자 모양 가지런히 배열 상자 페이스 트리 투명 비닐 개별 포장 상자 주황색 밀 이삭 PNB SINCE_1951 문구 들어가다 로고 뚜껑 열리다 안 페이스트리 보이다
bakery,5057085,2,"이미지에는 초콜릿으로 코팅된 과자 두 개가 놓인 흰색 접시가 있습니다. 과자 위에는 각각 갈색과 연두색의 삼각형 모양 조각이 올려져 있으며, 배경에는 오렌지색 상자에 담긴 과자 여러 개가 보입니다.","하얀 접시 위에는 초콜릿으로 코팅된 쿠키 두 개가 놓여 있는데, 각 쿠키 위에는 삼각형 모양의 초콜릿 조각과 초록색 말차가 올려져 있다. 배경에는 주황색 상자 안에 같은 쿠키가 더 들어 있고, 오른쪽에는 투명한 비닐 봉지에 쿠키 한 개가 들어 있다.",초콜릿 코팅 과자 2개 흰색 과자 각각 갈색 연두색 삼각 모양 조각 올리다 배경 오렌지색 상자 담기다 과자 여러개 보이다,초콜릿 코팅 쿠키 2개 쿠키 삼각 모양 초콜릿 조각 초록색 말 차 올리다 배경 주황색 상자 안 같다 쿠키 더 들다 오른쪽 투명 비닐 봉지 쿠키 1개 들다
bakery,5063069,1,이미지에는 감자빵이 담긴 흰색 접시와 감자빵이 그려진 박스가 있습니다.,"하얀 접시 위에는 둥글고 황금빛 갈색을 띤 구운 과자 세 개가 놓여 있는데, 각각 속은 부드럽고 폭신폭신하다. 포장재는 갈색 판지 상자로, 상자에는 만화 속 감자 캐릭터가 그려져 있으며, 상자에 적힌 글씨는 한국어다.",감자빵 담기다 흰색 감자 빵 그리다 박스,둥글다 황금빛 갈색 띠다 과자 3개 각각 속 폭신폭신 포장재 갈색 판지 상자 상자 만화 속 감자 캐릭터 그리다 상자 적히다 글씨 한국어
bakery,5063069,2,이미지에는 반으로 잘린 감자전 두 조각과 감자전 한 개가 놓인 흰색 접시가 있습니다.,"흰 접시 위에, 부드럽고 크리미한 속이 들어간 둥근 황금빛 페이스트리 세 개가 담겨 있다.",반 잘리다 감자전 조각 감자 전 1개 흰색,희다 크리미 속 들어가다 둥글다 황금빛 페이스트리 3개 담기다
bakery,5071363,1,이미지에는 딸기잼이 들어있는 유리 병이 있습니다.,"나무 뚜껑이 달린 딸기잼 유리병으로, 한국어로 된 글자와 딸기 일러스트가 그려진 라벨이 붙어 있습니다.",딸기 잼 들다 유리 병,나무 뚜껑 달리다 딸기 잼 유리병 한국어 되다 글자 딸기 일러스트 그리다 라벨 붙다
bakery,5071363,2,이미지에는 딸기잼이 들어있는 유리병이 있습니다.,"금색 뚜껑이 달린 딸기잼 유리병으로, 라벨에는 한국어 문구와 딸기 일러스트가 그려져 있다.",딸기 잼 들다 유리병,금색 뚜껑 달리다 딸기 잼 유리병 라벨 한국어 문구 딸기 일러스트 그리다
bakery,5074339,1,이미지에는 빵과 상자가 놓여 있습니다. 상자에는 곰 캐릭터 일러스트가 있고 빵은 곰 얼굴이 그려진 포장지에 싸여 있습니다. 상자 위에는 'Castella'라는 글자가 적혀 있고 빵은 '빵주스 카스텔라'라는 글자가 적혀 있습니다.,"손잡이가 달린 흰색 상자에는 악기를 연주하는 곰들의 그림이 그려져 있고, 작은 흰색 접시 위에는 황금빛 갈색의 구운 과자 하나가 놓여 있다.",빵 상자 상자 곰 캐릭터 일러스트 빵 곰 얼굴 그리다 포장지 싸이다 상자 Castella 글자 적히다 빵 빵주스_카스텔라 글자 적히다,손잡이 달리다 흰색 상자 악기 연주 곰 그림 그리다 작다 흰색 황금빛 갈색 과자
bakery,5074339,2,이미지에는 두 조각의 케이크가 접시 위에 놓여 있습니다.,"밝은 회색 배경을 배경으로, 흰색 접시 위에 노릇노릇하고 폭신폭신한 케이크 두 조각이 쌓여 있다.",조각 케이크,밝다 회색 배경 배경 흰색 노릇노릇 폭신폭신 케이크 조각 쌓이다
bakery,5097791,1,이미지에는 포르투갈 전통 파스텔 데 나타 오리지널 4개가 담긴 흰색 접시가 있습니다.,"“Pastel de Nata Original”이라고 적힌 포르투갈식 페이스트리 4개가 들어 있는 상자가, 캐러멜화된 속이 들어간 황금빛 갈색의 바삭바삭한 페이스트리 4개가 담긴 흰 접시 위에 놓여 있다.",포르투갈 전통 파스텔 데 타다 오리지널 4개 담기다 흰색,Pastel_de_Nata_Original 적히다 포르투갈식 페이스 트리 4개 들다 상자 캐러멜 속 들어가다 황금빛 갈색 바삭바삭 페이스트리 4개 담기다 희다
bakery,5097791,2,이미지에는 구운 에그 타르트가 놓인 흰색 접시가 있습니다.,"하얀 접시 위에는 에그 타르트 세 개가 놓여 있는데, 두 개는 통째로 있고 하나는 반으로 잘려 있어, 황금빛으로 캐러멜화된 윗면과 크림처럼 부드러운 연노란색 속이 드러나 있다. 타르트는 바삭바삭하고 황금빛 갈색의 페이스트리 껍질로 감싸여 있으며, 반으로 잘린 타르트 안쪽은 커스터드처럼 매끄러운 모습을 보여준다.",에그 타르트 흰색,에그 타르트 3개 2개 통째 반 잘리다 황금빛 캐러멜 윗면 크림 노란색 속 드러나다 타르트 바삭바삭 황금빛 갈색 페이스트리 껍질 감싸이다 반 잘리다 타르트 안쪽 커스터드 모습 보이다
bakery,5115048,1,"이미지에는 여러 종류의 잼이 병에 담겨 있고, 그 중 일부 병에는 뚜껑이 열려 있으며, 병 안의 잼을 맛볼 수 있도록 숟가락이 놓여 있습니다.","6개의 작은 육각형 잼 병 세트로, 각 병에는 녹색 뚜껑이 달려 있으며 “darbo since 1853”과 “과일 함량 70%”라고 적힌 라벨이 붙어 있습니다. 라즈베리, 살구, 블루베리, 딸기, 사워 체리 등 다양한 과일 맛이 들어 있습니다. 한 병은 뚜껑이 열려 있고, 나무 숟가락과 작은 칼 위에 살구 잼 한 덩어리가 올려져 있는 반면, 나머지 병들은 흰색 표면 위에 피라미드 모양으로 쌓여 있습니다.",여러 종류 잼 병 담기다 중 일부 병 뚜껑 열리다 병 안 잼 맛보다 숟가락,6개 작다 육각 잼 병 세트 병 녹색 뚜껑 달리다 darbo_since_1853 과일_함량_70% 적히다 라벨 붙다 라즈베리 살구 블루베리 딸기 사워 체리 다양 과일 맛 들다 병 뚜껑 열리다 나무 숟가락 작다 칼 살구 잼 덩어리 올리다 반면 나머지 병 흰색 표면 피라미드 모양 쌓이다
bakery,5115048,2,이미지에는 다양한 과일로 만든 잼이 들어있는 유리병이 있습니다.,"흰색 바탕 위에 놓인, 각각 녹색 뚜껑과 과일 일러스트가 그려진 라벨이 붙은 다르보(Darbo) 잼이 담긴 육각형 유리병 6개 세트입니다. 병에는 라즈베리, 로즈 살구, 야생 블루베리, 정원 딸기, 사워 체리, 그리고 짙은 빨간색 잼 등 다양한 맛이 들어 있습니다. 한 병에는 나무 숟가락이 꽂혀 있고, 다른 한 병의 뚜껑 위에는 숟가락 한 숟가락 분량의 잼이 올려져 있다.",다양 과일 만들다 잼 들다 유리병,흰색 각각 녹색 뚜껑 과일 일러스트 그리다 라벨 붙다 다르보 잼 담기다 육각 유리 병 6개 세트 병 라즈베리 로즈 살구 야생 블루베리 정원 딸기 사워 체리 그리고 짙다 빨간색 잼 다양 맛 들다 병 나무 숟가락 꽂히다 병 뚜껑 숟가락 숟가락 분량 잼 올리다
bakery,5116362,1,이미지에는 오설록의 그린티랑랑드쇼콜라 쿠키가 있습니다.,"오설록의 녹차 쿠키 한 상자. 밝은 회색 바탕 위에 흰 접시가 놓여 있고, 그 위에는 정사각형 쿠키 세 개와 반으로 부러진 쿠키 한 개가 담겨 있다.",오설록의 그린티랑랑드쇼콜라 쿠키,설 록 녹차 쿠키 상자 밝다 회색 희다 정사각형 쿠키 3개 반 부러지다 쿠키 1개 담기다
bakery,5116362,2,이미지에는 녹색의 마카롱 모양 과자가 있습니다.,"연두색 상자와 포장으로 된 초록색 말차 쿠키 한 상자로, 쿠키 몇 개가 부서져 안쪽의 초록색 속이 드러나 있다.",녹색 마카롱 모양 과자,연두색 상자 포장 되다 초록색 말차 쿠키 상자 쿠키 몇개 부서지다 안쪽 초록색 속 드러나다
bakery,5122986,1,이미지에는 도넛 상자가 있고 그 안에는 도넛이 들어 있습니다.,"크리스피 크림 도넛 한 상자가 밝은 회색 바탕 위에 열려 있는 모습과 닫혀 있는 모습으로 보여지는데, 상자 안에는 황금빛 갈색 도넛 9개가 3×3 격자 모양으로 배열되어 있습니다. 닫혀 있는 상자는 흰색 바탕에 녹색과 빨간색 로고와 검은색 물방울 무늬가 그려져 있습니다.",도넛 상자 안 도넛 들다,크리스피 크림 도넛 상자 밝다 회색 열리다 모습 닫히다 모습 보이다 상자 안 황금빛 갈색 도넛 9개 3 3 격자 모양 배열 닫히다 상자 흰색 녹색 빨간색 로고 검은색 물방울 무늬 그리다
bakery,5122986,2,이미지에는 크리스피 크림 도넛 상자가 있습니다.,뚜껑이 열려 있는 크리스피 크림 도넛 상자 안에는 3×3 격자 모양으로 배열된 황금빛 갈색의 글레이즈 도넛 8개가 들어 있다. 상자는 흰색 바탕에 녹색과 빨간색 로고와 점무늬가 그려져 있다.,크리스피 크림 도넛 상자,뚜껑 열리다 크리스피 크림 도넛 상자 안 3 3 격자 모양 배열 황금빛 갈색 글레이즈 도넛 8개 들다 상자 흰색 녹색 빨간색 로고 점 무늬 그리다
bakery,5128440,1,이미지에는 나무 도마 위에 놓인 빵과 빵이 든 비닐봉지가 있습니다.,"나무 도마 위에 슬라이스된 빵 한 덩이가 놓여 있고, 배경에는 포장된 빵 한 덩이가 보인다. 빵은 황금빛 갈색의 겉면과 부드럽고 기공이 많은 속을 가지고 있다.",나무 도마 빵 빵 들다 비닐 봉지,나무 도마 슬라이스 되다 빵 덩이 배경 포장 빵 덩이 보이다 빵 황금빛 갈색 겉면 기공 많다 속 가지다
bakery,5128440,2,이미지에는 나무 도마 위에 놓인 식빵이 있습니다.,"노릇노릇한 껍질이 돋보이는 얇게 썬 흰 빵 한 덩어리가, 밑에 밝은 색의 천을 깔고 나무 도마 위에 가지런히 놓여 있다.",나무 도마 식빵,노릇노릇 껍질 돋보이다 얇다 썰다 희다 빵 덩어리 밑 밝다 색 천 깔다 나무 도마 가지런히
bakery,5131242,1,이미지에는 직사각형 모양의 빵이 여러 개 놓인 접시가 있습니다.,연두색의 직사각형 접시 위에는 작은 검은 점들(아마도 올리브일 것)이 흩뿌려진 황금빛 갈색의 직사각형 빵 몇 개가 가지런히 놓여 있다. 일부는 잘려 있어 부드럽고 기공이 많은 속살이 드러나 있다. 접시는 연회색 바탕 위에 놓여 있다.,직사각형 모양 빵 여러개,연두색 직사각형 작다 검다 점 아마도 올리브 흩뿌리다 황금빛 갈색 직사각형 빵 몇개 가지런히 일부 잘리다 기공 많다 속살 드러나다 회색
bakery,5131242,2,이미지에는 검은 깨가 뿌려진 사각형 모양의 빵이 있습니다.,"밝은 회색 바탕 위에, 올리브로 보이는 작은 검은 점들이 흩뿌려진 직사각형의 황금빛 갈색 브레드스틱 한 접시가 놓여 있다. 브레드스틱 하나가 반으로 부러져 있어, 부드럽고 기공이 많은 속이 드러나 있다.",검다 깨 뿌리다 사각 모양 빵,밝다 회색 올리브 보이다 작다 검다 점 흩뿌리다 직사각형 황금빛 갈색 브레드 스틱 브레드스틱 반 부러지다 기공 많다 속 드러나다
bakery,5132010,1,이미지에는 브라우니 쿠키가 포장된 모습이 있습니다.,"투명한 플라스틱 쟁반 위에는 둥근 다크 초콜릿 칩 쿠키 12개가 격자 모양으로 가지런히 놓여 있습니다. 그 아래에는 미니멀한 디자인의 흰색 상자가 놓여 있는데, 상자에는 “Real Brownie Cookie”와 한국어로 “리얼 브라우니쿠키”라는 문구가 적혀 있으며, 초콜릿 칩 쿠키와 작은 토끼 캐릭터가 그려진 쿠키 더미 일러스트가 함께 그려져 있다.",브라우니 쿠키 포장 모습,투명 플라스틱 쟁반 둥글다 다크 초콜릿 칩 쿠키 12개 격자 모양 가지런히 아래 미니멀 디자인 흰색 상자 상자 Real_Brownie_Cookie 한국어 리얼_브라우니쿠키 문구 적히다 초콜릿 칩 쿠키 작다 토끼 캐릭터 그리다 쿠키 더미 일러스트 함께 그리다
bakery,5132010,2,이미지에는 브라우니 쿠키가 포장된 모습이 있습니다.,"“리얼 브라우니 쿠키” 한 팩으로, 쿠키 한 개와 쿠키 더미를 들고 있는 만화 속 토끼가 그려진 흰색 상자와, 개별 포장된 쿠키가 들어 있는 투명 플라스틱 트레이로 구성되어 있습니다.",브라우니 쿠키 포장 모습,리얼_브라우니_쿠키 팩 쿠키 1개 쿠키 더미 들다 만화 속 토끼 그리다 흰색 상자 개별 포장 쿠키 들다 투명 플라스틱 트레이 구성
bakery,5138995,1,이미지에는 타쿠미야 브랜드의 식빵 한 개가 흰색 천 위에 놓여 있고 그 옆에는 해당 브랜드의 상자가 놓여 있습니다.,"황금빛 갈색 껍질을 띤 흰 빵 한 덩이가 흰 식탁보 위에 놓여 있으며, 그 옆에는 “TAKUMIYA”와 “artisan baking”이라고 적힌 미니멀한 흰색 상자가 놓여 있다. 빵은 부드럽고 기공이 많은 식감을 지녔으며, 껍질에는 작은 로고가 새겨져 있다.",타쿠미야 브랜드 식빵 1개 흰색 천 옆 해당 브랜드 상자,황금빛 갈색 껍질 띠다 희다 빵 덩이 희다 식탁보 옆 TAKUMIYA artisan_baking 적히다 미니멀 흰색 상자 빵 기공 많다 식감 지니다 껍질 작다 로고 새기다
bakery,5138995,2,이미지에는 나무 도마 위에 놓인 식빵이 있습니다.,"황금빛 갈색 껍질이 있는 흰 빵 한 덩어리가 여러 조각으로 잘려 나무 도마 위에 놓여 있다. 빵은 부드럽고 기공이 많은 질감을 띠고 있으며, 연회색 바탕 위에 놓여 있다.",나무 도마 식빵,황금빛 갈색 껍질 희다 빵 덩어리 여러 조각 잘리다 나무 도마 빵 기공 많다 질감 띠다 회색
bakery,1000128336,1,이미지에는 반으로 잘린 호밀빵이 있습니다.,"금빛 갈색 껍질과 잘게 썬 호두가 듬뿍 들어간 부드럽고 폭신폭신한 속살을 가진 소박한 빵 한 덩이가, 접어 놓은 체크무늬 식탁보 위에 놓여 있다.",반 잘리다 호밀빵,금빛 갈색 껍질 잘다 썰다 호두 듬뿍 들어가다 폭신폭신 속살 가지다 빵 덩이 체크 무늬 식탁보
bakery,1000128336,2,이미지에는 반으로 잘린 호두빵이 있습니다.,"황금빛 갈색 껍질과 부드럽고 폭신폭신한 속살에 호두가 듬뿍 박힌 소박하고 정성스럽게 만든 수제 빵 한 덩어리가, 썰려서 체크무늬 식탁보 위에 놓여 있다.",반 잘리다 호두 빵,황금빛 갈색 껍질 폭신폭신 속살 호두 듬뿍 박히다 정성 만들다 수제 빵 덩어리 썰다 서다 체크 무늬 식탁보
bakery,1000196053,1,이미지에는 나무 도마 위에 놓인 구운 빵이 있습니다.,"어두운 색에 갈라진 겉면과 황금빛 갈색 속살을 가진 소박한 타원형 빵 한 덩어리가, 나무 도마 위의 유산지 위에 놓여 있다.",나무 도마 빵,색 갈라지다 겉면 황금빛 갈색 속살 가지다 타원 빵 덩어리 나무 도마 유사
bakery,1000196053,2,이미지에는 올리브가 들어간 빵 세 조각이 있습니다.,"황금빛 갈색 껍질을 띤 수제 빵 세 조각의 클로즈업 사진으로, 빵을 잘라내니 녹색 올리브가 가득 들어간 부드럽고 폭신폭신한 속이 드러나 있다.",올리브 들어가다 빵 조각,황금빛 갈색 껍질 띠다 수제 빵 조각 클로즈업 빵 자르다 녹색 올리브 가득 들다 폭신폭신 속 드러나다
bakery,1000217187,1,이미지에는 접시 위에 놓인 빵과 비닐봉지에 담긴 빵이 있습니다.,"하얀 타원형 접시 위에는 황금빛 갈색의 둥근 빵 몇 개가 놓여 있고, 그 옆의 밝은 색 천 위에는 같은 빵이 들어 있는 투명한 비닐봉지가 놓여 있다.",빵 비닐 봉지 담기다 빵,타원 황금빛 갈색 둥글다 빵 몇개 옆 밝다 색 천 같다 빵 들다 투명 비닐 봉지
bakery,1000217187,2,이미지에는 흰 접시 위에 놓인 여러 개의 빵이 있습니다.,"하얀 접시 위에는 황금빛 갈색을 띠고 부드러워 보이는 빵 몇 개가 놓여 있는데, 그중 하나는 반으로 갈라져 속이 폭신폭신한 모습이 드러나 있다.",희다 여러개 빵,황금빛 갈색 띠다 보이다 빵 몇개 중 반 갈라지다 속 폭신폭신 모습 드러나다
bakery,1000220024,1,이미지에는 흰 접시 위에 놓인 여러 개의 빵이 있습니다.,"하얀 접시 위에는 황금빛 갈색의 빵 몇 개가 놓여 있는데, 그중 하나는 반으로 잘려 있어 녹아내린 치즈와 햄이 속을 채우고 있는 모습이 드러나 있다.",희다 여러개 빵,황금빛 갈색 빵 몇개 중 반 잘리다 녹다 내리다 치즈 햄 속 채우다 모습 드러나다
bakery,1000220024,2,이미지에는 반으로 잘린 빵이 놓인 접시가 있습니다.,"하얀 접시 위에는 황금빛 갈색의 빵 6개가 놓여 있는데, 그중 두 개는 반으로 잘려 있어 녹아내린 치즈와 햄이 속을 채우고 있는 것이 보인다. 빵들은 유산지 위에 놓여 있으며, 빵의 부드럽고 기공이 많은 질감이 눈에 띈다.",반 잘리다 빵,황금빛 갈색 빵 6개 중 2개 반 잘리다 녹다 내리다 치즈 햄 속 채우다 보이다 빵 유산지 빵 기공 많다 질감 눈 띄다
bakery,1000229955,1,이미지에는 다양한 종류의 쿠키가 들어있는 상자가 있습니다.,"뚜껑에 파스텔 톤의 산 그림이 그려진 “CHARMANT” 쿠키 상자를 열어보니, 검은색 쟁반 위에 개별 포장된 쿠키 9개가 놓여 있습니다.",다양 종류 쿠키 들다 상자,뚜껑 파스텔 톤 산 그림 그리다 CHARMANT 쿠키 상자 열다 검은색 쟁반 개별 포장 쿠키 9개
bakery,1000229955,2,이미지에는 다양한 종류의 쿠키가 포장된 상자가 있습니다.,"“CHARMANT” 브랜드의 9종 혼합 쿠키 한 상자가 연한 베이지색 바탕 위에 놓여 있으며, 상자는 열려 있고 뚜껑은 그 옆에 놓여 있습니다. 쿠키들은 투명한 비닐로 개별 포장되어 있으며, 둥근 모양, 사각형, 체크무늬 등 다양한 모양과 색상을 띠고 있습니다.",다양 종류 쿠키 포장 상자,CHARMANT 브랜드 9 종 혼합 쿠키 상자 연하다 베이지 색 상자 열리다 뚜껑 옆 쿠키 투명 비닐 개별 포장 둥글다 모양 사각 체크 무늬 다양 모양 색상 띠다
bakery,1000234669,1,이미지에는 두 개의 크림치즈 통이 있습니다.,"밝은 회색 바탕 위에 필라델피아 오리지널 크림치즈 용기 두 개가 놓여 있는데, 그중 하나는 뚜껑이 열린 상태입니다.",2개 크림치즈 통,밝다 회색 필라델피아 오리지널 크림 치즈 용기 2개 중 뚜껑 열리다 상태
bakery,1000234669,2,이미지에는 크림색의 필라델피아 버터크림 케이크가 담긴 용기가 있습니다.,"크리미한 흰색 스프레드가 소용돌이 모양으로 보이는 ‘필라델피아 오리지널 프레시 크리미 토핑’ 용기가 밝은 색상의 표면 위에 뚜껑을 연 채 놓여 있고, 밀봉된 뚜껑은 그 옆에 놓여 있다.",크림색 필라델피아 버터 크림 케이크 담기다 용기,크리미 흰색 스프레드 소용돌이 모양 보이다 필라델피아_오리지널_프레시_크리미_토핑 용기 밝다 색상 표면 뚜껑 열다 채 밀봉 뚜껑 옆
bakery,1000321559,1,"이미지에는 두 개의 땅콩버터 제품이 나란히 놓여 있으며, 그 옆에는 두 개의 그릇에 담긴 땅콩버터의 모습이 있습니다.","OLHGOK 땅콩버터 두 병(하나은 부드러운 타입, 다른 하나는 바삭한 타입)이 회색 바탕 위에 놓여 있으며, 그 옆에는 이 땅콩버터를 담은 그릇 두 개가 놓여 있습니다. 라벨은 한국어와 영어로 되어 있습니다.",2개 땅콩 버터 제품 나란히 옆 2개 담기다 땅콩 버터 모습,땅콩 버터 병 타입 바삭 타입 회색 옆 땅콩 버터 담다 2개 라벨 한국어 영어 되다
bakery,1000321559,2,이미지에는 두 개의 그릇에 담긴 크림색의 소스가 있습니다.,"부드럽고 연한 갈색의 소스(아마도 땅콩 소스일 것)가 가득 담긴 두 개의 흰색 그릇이, 눈에 띄는 땅콩 조각들이 흩어져 있는 회색의 질감이 느껴지는 표면 위에 놓여 있다.",2개 담기다 크림 색 소스,연하다 갈색 소스 아마도 땅콩 소스 가 가득 담기다 2개 흰색 눈 띄다 땅콩 조각 흩어지다 회색 질감 느끼다 표면
bakery,1000352096,1,이미지에는 파스큐어 슬라이스드 브리오슈 빵이 있습니다.,"500g짜리 파스키에 슬라이스 브리오슈 빵 한 팩이, 빵 두 조각이 담긴 흰색 접시 옆의 하늘색 바탕 위에 놓여 있다.",파스큐어 슬라이스드 브리오슈 빵,500g 파스키 슬라이스 브리오슈 빵 팩 빵 조각 담기다 흰색 옆 하늘색
bakery,1000352096,2,이미지에는 파스큐어 브랜드의 슬라이스드 브리오슈 빵이 있습니다.,"하얀 접시 위에는 노릇노릇하고 부드러워 보이는 브리오슈 빵 두 조각이 놓여 있고, 그 옆에는 연한 파란색 바탕 위에 파란색과 노란색 포장지의 “Pasquier Sliced Brioche” 빵이 놓여 있다.",파스큐어 브랜드 슬라이스드 브리오슈 빵,노릇노릇 보이다 브리오슈 빵 조각 옆 연하다 파란색 파란색 노란색 포장지 Pasquier_Sliced_Brioche 빵
bakery,1000400055,1,"이미지에는 다양한 맛의 마카롱이 담긴 접시와 'Nuldam WHAT'S THE BETTER?'라는 문구가 적힌 박스, 그리고 마카롱이 들어 있는 작은 패키지가 있습니다.",“WHAT'S THE BETTER?”라는 문구가 적힌 파란색 상자 두 개와 작은 파란색 봉지가 밝은 회색 바탕 위에 놓여 있는 누담(Nudam) 마카롱의 제품 사진입니다. 알록달록한 마카롱이 담긴 접시와 마카롱 세 개가 담긴 흰색 접시도 함께 보입니다.,다양 맛 마카롱 담기다 Nuldam_WHAT'S_THE_BETTER? 문구 적히다 박스 그리고 마카롱 들다 작다 패키지,WHAT'S_THE_BETTER? 문구 적히다 파란색 상자 2개 작다 파란색 봉지 밝다 회색 누 담 마카롱 제품 알록달록 마카롱 담기다 마카롱 3개 담기다 흰색 함께 보이다
bakery,1000400055,2,이미지에는 다양한 맛의 마카롱이 있습니다.,"하얀 접시 위에는 여러 개의 마카롱이 놓여 있는데, 그중에는 반으로 잘라 녹색과 초콜릿 속이 드러난 노란색 마카롱과, 흰색 아이싱과 초콜릿 칩이 얹어진 분홍색 마카롱, 그리고 흰색 크림이 들어간 녹색 마카롱이 함께 있다.",다양 맛 마카롱,여러개 마카롱 중 반 자르다 녹색 초콜릿 속 드러나다 노란색 마카롱 흰색 아이싱 초콜릿 칩 얹다 분홍색 마카롱 그리고 흰색 크림 들어가다 녹색 마카롱 함께
bakery,1000447291,1,이미지에는 빵과 우유가 놓인 모습이 있습니다.,"황금빛 껍질이 감도는 흰 빵 한 덩이가 비닐에 싸여 있고, 나무 도마 위에는 빵 몇 조각이 쌓여 있다. 그 앞에는 빵 한 조각이 놓여 있고, 흰 식탁보 위에는 그 옆에 우유 한 잔이 놓여 있다.",빵 우유 모습,황금빛 껍질 감도 희다 빵 덩이 비닐 싸이다 나무 도마 빵 몇 조각 쌓이다 앞 빵 조각 희다 식탁보 옆 우유 잔
bakery,1000447291,2,이미지에는 흰색 식탁보 위에 놓인 빵과 우유가 있습니다.,"나무 도마 위에 흰 빵 조각들이 쌓여 있고, 그중 한 조각은 잘라내어 흰 식탁보 위에 놓인 우유 잔 옆에 놓여 있다.",흰색 식탁보 빵 우유,나무 도마 희다 빵 조각 쌓이다 중 조각 자르다 희다 식탁보 우유 잔 옆
bakery,1000528793,1,이미지에는 호호빵이라는 빵이 포장된 모습이 있습니다.,"나무 쟁반 위에는 개별 포장된 베이글 여러 개가 놓여 있는데, 각 포장지에는 만화 캐릭터 얼굴이 그려져 있으며, 같은 로고가 새겨진 노란색 종이 봉투도 함께 놓여 있다. 배경에 있는 접시 위에는 밝은 색상의 바탕 위에 베이글 몇 개가 놓여 있는데, 그중 일부는 반으로 잘려 있다.",호호빵 빵 포장 모습,나무 쟁반 개별 포장 베이글 여러개 포장지 만화 캐릭터 얼굴 그리다 같다 로고 새기다 노란색 종이 봉투 함께 배경 밝다 색상 베이글 몇개 중 일부 반 잘리다
bakery,1000528793,2,이미지에는 접시 위에 놓인 베이글과 베이글 한 봉지가 있습니다.,"갓 구워낸 베이글 한 접시. 일부는 통째로, 일부는 썰어 놓은 상태이며, 포장지에는 유쾌한 만화 캐릭터 얼굴이 그려져 있다.",베이글 베이글 봉지,갓 베이글 일부 통째 일부 썰다 상태 포장지 만화 캐릭터 얼굴 그리다
bakery,1000634077,1,"이미지에는 다양한 토핑이 올라간 도넛이 접시에 담겨 있고, 그 옆에는 도넛 상자가 놓여 있습니다.","흰색 접시 위에 다양한 종류의 도넛 5개와 작은 케이크가 담겨 있으며, 배경에는 파도 위를 항해하는 배가 그려진 일본화 스타일의 그림이 있는 상자가 놓여 있다.",다양 토핑 올라가다 도넛 담기다 옆 도넛 상자,흰색 다양 종류 도넛 5개 작다 케이크 담기다 배경 파도 항해 배 그리다 일본화 스타일 그림 상자
bakery,1000634077,2,이미지에는 다양한 종류의 케이크가 접시에 담겨 있습니다.,"흰색 접시와 진열대에 올려진 작고 알록달록한 케이크와 페이스트리 모음으로, 초콜릿, 코코넛, 과일 글레이즈 등 다양한 토핑이 곁들여져 있습니다.",다양 종류 케이크 담기다,흰색 진열대 올리다 작다 알록달록 케이크 페이스트리 모음 초콜릿 코코넛 과일 글레이즈 다양 토핑 곁들이다
bakery,1000635372,1,이미지에는 나무 쟁반 위에 올리브 색상의 피스타치오 버터 두 병과 그릇에 담긴 버터 한 숟가락이 놓여 있습니다.,"나무 쟁반 위에는 ‘Oh Nutty 피스타치오 버터’가 담긴 두 개의 병(큰 병 하나와 작은 병 하나)이 놓여 있고, 그 옆에는 이 스프레드가 담긴 작은 그릇과 나무 손잡이가 달린 칼이 초록색 천 위에 놓여 있다.",나무 쟁반 올리브 색상 피스타치오 버터 병 담기다 버터 숟가락,나무 쟁반 Oh_Nutty_피스타치오_버터 담기다 2개 병 크다 병 작다 병 옆 스프레드 담기다 작다 나무 손잡이 달리다 칼 초록색 천
bakery,1000635372,2,이미지에는 그릇에 담긴 노란색 소스 옆에 껍질이 벗겨진 피스타치오가 놓여 있습니다.,"연두색 식탁보 위에는 피스타치오나 그와 비슷한 견과류를 주재료로 한 것으로 보이는 부드럽고 황록색을 띤 딥이 가득 담긴 흰색 그릇이 놓여 있다. 그릇 주변에는 통째로 된 피스타치오와 껍질이 깨진 피스타치오가 몇 개 흩어져 있어, 신선하고 고소한 견과류 향이 느껴진다.",담기다 노란색 소스 옆 껍질 벗겨지다 피스타치오,연두색 식탁보 피스타치오 견과 주재료 하다 보이다 황록색 띠다 딥 가득 담기다 흰색 주변 통째 되다 피스타치오 껍질 깨지다 피스타치오 몇개 흩어지다 고소하다 견과 향 느끼다
bakery,1000637683,1,"이미지에는 두 개의 땅콩버터 제품이 나란히 놓여 있고, 왼쪽에는 땅콩버터로 만든 음식이 담긴 그릇이 있습니다.","“피넛 버터 오리지널”이라고 적힌 병 하나와 “피넛 버터 크런치”라고 적힌 병 하나, 총 두 개의 피넛 버터 병이 베이지색 천 위에 피넛 버터 한 그릇과 숟가락과 함께 진열되어 있다. 병에는 “OH NUTTY”라고 적혀 있으며, 땅콩 그림이 그려져 있다.",2개 땅콩 버터 제품 나란히 왼쪽 땅콩 버터 만들다 음식 담기다,피넛_버터_오리지널 적히다 병 피넛_버터_크런치 적히다 병 2개 피넛 버터 병 베이지 색 천 피넛 버터 숟가락 함께 진열 병 OH_NUTTY 적히다 땅콩 그림 그리다
bakery,1000637683,2,"이미지에는 두 개의 그릇에 담긴 두 가지 다른 종류의 음식이 있습니다. 왼쪽 그릇에는 견과류가 들어간 갈색의 액체 음식이 담겨 있고, 오른쪽 그릇에는 숟가락으로 떠먹은 듯한 갈색의 점성이 있는 음식이 담겨 있습니다.","땅콩버터가 담긴 흰색 그릇 두 개가 베이지색 탁자 위에 놓여 있는데, 하나는 덩어리가 씹히는 종류이고 다른 하나는 부드러운 종류이며, 부드러운 종류가 담긴 그릇 안에는 나무 숟가락이 꽂혀 있다.",2개 담기다 가지 종류 음식 왼쪽 견과 들어가다 갈색 액체 음식 담기다 오른쪽 숟가락 떠먹다 듯 갈색 점 음식 담기다,땅콩 버터 담기다 흰색 2개 베이지 색 탁자 덩어리 씹히다 종류 종류 종류 담기다 안 나무 숟가락 꽂히다
bakery,1000659491,1,이미지에는 구운 베이글이 있는 모습입니다.,"하얀 타원형 접시 위에는 황금빛 갈색 베이글 네 개가 놓여 있고, 연한 녹색 배경 위에는 베이글 세 개가 더 흩어져 있다. 그 옆에는 “I am bagel”이라고 적힌 하얀 포장지가 놓여 있는데, 여기에는 브랜드 이름과 베이글의 작은 이미지가 그려져 있다.",베이글 모습,타원 황금빛 갈색 베이글 4개 연하다 녹색 배경 베이글 3개 더 흩어지다 옆 I_am_bagel 적히다 포장지 브랜드 이름 베이글 작다 그리다
bakery,1000659491,2,이미지에는 나무 도마 위에 놓인 여러 종류의 베이글이 있습니다.,"나무 도마 위에는 베이글 몇 개가 놓여 있는데, 어떤 것은 통째로 있고 어떤 것은 반으로 갈라져 부드럽고 기공이 많은 속이 드러나 있다. 베이글 중 하나는 짙은 보라색 속이 들어 있는데, 아마 블루베리일 것이고, 또 다른 하나는 황금빛 갈색 껍질을 띠고 있다. 베이글들은 연한 녹색 배경 위에 놓여 있다.",나무 도마 여러 종류 베이글,나무 도마 베이글 몇개 통째 반 갈라지다 기공 많다 속 드러나다 베이글 중 짙다 보라색 속 들다 아마 블루베리 또 황금빛 갈색 껍질 띠다 베이글 연하다 녹색 배경
bakery,1000794499,1,이미지에는 초코 프로스팅이 된 케이크 두 조각이 나란히 놓인 모습이 있습니다.,"황금빛 노란색 케이크 본체와 갈색 토핑이 올라간 직사각형 케이크 두 개가 작은 직사각형 접시에 담겨 있다. 케이크 옆에는 나무 포크가 놓여 있다. 배경에는 녹색 상자와 노란색 상자 두 개가 있는데, 두 상자 모두 한국어 문구와 로고가 적혀 있다.",초코 프로스팅 되다 케이크 조각 나란히 모습,황금빛 노란색 케이크 본체 갈색 토핑 올라가다 직사각형 케이크 2개 작다 직사각 담기다 케이크 옆 나무 포크 배경 녹색 상자 노란색 상자 2개 상자 모두 한국어 문구 로고 적히다
bakery,1000794499,2,이미지에는 두 종류의 케이크가 트레이에 담겨 있고 한 종류의 케이크가 잘려진 모습이 있습니다.,"두 개의 접시에 담겨 있는, 직사각형으로 잘라진 녹차 케이크의 클로즈업 사진이다. 한 접시에는 케이크 전체가 담겨 있고, 다른 접시에는 흰 접시 위에 나무 포크와 함께 한 조각이 놓여 있다. 케이크는 겉면이 황금빛 갈색을 띠고 속은 연한 녹색이다.",종류 케이크 트레이 담기다 종류 케이크 잘리다 모습,2개 담기다 직사각형 자르다 녹차 케이크 클로즈업 다 케이크 전체 담기다 희다 나무 포크 함께 조각 케이크 겉면 황금빛 갈색 띠다 속 연하다 녹색
bakery,1000831954,1,이미지에는 세 개의 접시에 각각 다른 종류의 빵이 놓여 있습니다.,"세 개의 흰색 접시 위에는 가루 설탕을 살짝 뿌린 둥근 빵, 검은 올리브가 들어간 직사각형 빵, 치즈 토핑이 올라간 황금빛 갈색 페이스트리 등 다양한 종류의 제과류가 중성적인 배경 위에 진열되어 있다.",3개 각각 종류 빵,3개 흰색 가루 설탕 살짝 뿌리다 둥글다 빵 검다 올리브 들어가다 직사각형 빵 치즈 토핑 올라가다 황금빛 갈색 페이스트리 다양 종류 제과 중성 배경 진열
bakery,1000831954,2,이미지에는 접시 위에 놓인 다양한 속 재료를 넣은 빵 조각들이 있습니다.,"하얀 접시 위에는 각각 다른 짭짤한 속재료를 얹은 빵 세 조각이 놓여 있다. 한 조각에는 검은 올리브와 녹은 치즈가, 다른 조각에는 노란 호박이 들어간 크림 같은 속재료가, 그리고 세 번째 조각에는 은은한 허브 향이 나는 하얗고 크림 같은 속재료가 얹혀 있다.",다양 속 재료 넣다 빵 조각,각각 속 재료 얹다 빵 조각 조각 검다 올리브 녹다 치즈 조각 호박 들어가다 크림 같다 속 재료 그리고 번 조각 허브 향 나다 크림 같다 속 재료 얹히다
bakery,1000870987,1,"이미지에는 빨간색 배경 위에 하트 모양의 용기에 담긴 디저트가 놓여 있으며, 용기 위에는 'HART Tiramisu'라는 글자가 적혀 있고 그 아래에는 '하트 티라미수'라는 한글 문구가 적혀 있습니다.","빨간색과 분홍색 상자에 담긴 하트 모양 디저트로, 크림 같은 속과 잘게 썬 피스타치오가 들어 있으며, 빨간색 배경 위에 놓여 있습니다.",빨간색 배경 하트 모양 용기 담기다 디저트 용기 HART_Tiramisu 글자 적히다 아래 하트_티라미수 한글 문구 적히다,빨간색 분홍색 상자 담기다 하트 모양 디저트 크림 같다 속 잘다 썰다 피스타치오 들다 빨간색 배경
bakery,1000870987,2,이미지에는 빨간색 바탕 위에 하트 모양의 용기에 담긴 티라미수 제품이 배치되어 있습니다.,"빨간색을 테마로 한 디저트 진열대에는 하트 모양의 ‘하트 티라미수’ 캔이 놓여 있는데, 그중 하나는 뚜껑이 열려 코코아 가루와 빨간 숟가락이 얹어진 초콜릿 맛이, 다른 하나는 검은깨가 얹어진 크림색 버전이, 세 번째는 노란 피스타치오가 얹어진 연노란색 버전이 담겨 있습니다. 통들은 빨간색 배경을 배경으로 흰색 원형 받침대 위에 진열되어 있으며, 그 위로는 “HAVE A HARTY TIME!”이라고 적힌 빨간 풍선이 떠 있습니다.",빨간색 하트 모양 용기 담기다 티라미수 제품 배치,빨간색 테마 하다 디저트 진열대 하트 모양 하트_티라미수 캔 중 뚜껑 열리다 코코아 가루 숟가락 얹다 초콜릿 맛 검다 깨 얹다 크림 색 버전 번 피스타치오 얹다 노란색 버전 담기다 통 빨간색 배경 배경 흰색 원 받침대 진열 HAVE_A_HARTY_TIME! 적히다 풍선 뜨다
bakery,1000894225,1,이미지에는 빵 한 봉지와 빵이 잘려져 있는 빵 한 조각이 나무 도마 위에 놓여 있습니다.,"황금빛 갈색 껍질이 돋보이는 흰 빵 한 덩어리가 얇게 썰려 나무 도마 위에 놓여 있고, 배경에는 포장지가 보인다.",빵 봉지 빵 잘리다 빵 조각 나무 도마,황금빛 갈색 껍질 돋보이다 희다 빵 덩어리 얇다 썰다 나무 도마 배경 포장지 보이다
bakery,1000894225,2,이미지에는 나무 도마 위에 놓인 식빵이 있습니다.,"나무 도마 위에 얇게 썬 흰 빵 한 덩이가 놓여 있으며, 빵 조각들이 일렬로 가지런히 정렬되어 있다. 빵은 황금빛 갈색의 겉면과 부드럽고 기공이 많은 속을 가지고 있다.",나무 도마 식빵,나무 도마 얇다 썰다 희다 빵 덩이 빵 조각 일렬 가지런히 정렬 빵 황금빛 갈색 겉면 기공 많다 속 가지다
bakery,1001194675,1,이미지에는 마이노멀 무가당 땅콩버터 두 병이 있습니다.,밝은 회색 바탕 위에 땅콩버터 두 병과 같은 제품의 그릇 두 개가 진열되어 있다.,마이노멀 무가당 땅콩 버터 병,밝다 회색 땅콩 버터 병 같다 제품 2개 진열
bakery,1001194675,2,이미지에는 두 개의 그릇에 담긴 땅콩버터와 두 개의 땅콩버터 통이 있습니다.,"크리미한 땅콩버터가 가득 담긴 흰색 그릇 두 개(그중 하나에는 나무 숟가락이 꽂혀 있음)가, 한국어로 “My Normal”이라고 적힌 땅콩버터 병 두 개 앞에 진열되어 있다. 병에는 땅콩 일러스트와 “100% 땅콩”이라는 문구가 표시되어 있다.",2개 담기다 땅콩 버터 2개 땅콩 버터 통,크리미 땅콩 버터 가득 담기다 흰색 2개 중 나무 숟가락 꽂히다 가다 한국어 My_Normal 적히다 땅콩 버터 병 2개 앞 진열 병 땅콩 일러스트 100%_땅콩 문구 표시
bakery,1001385477,1,"이미지에는 다양한 종류의 잼이 나무 도마 위에 놓여 있고, 그 중 한 병에는 잼이 담긴 흰색 그릇이 놓여 있습니다.","블루베리, 사과 & 시나몬, 라즈베리, 망고 & 패션프루트, 피그 로얄 등 6가지 맛의 세인트 달푸르 과일 스프레드 병이 밝은 색상의 받침대 위에 진열되어 있으며, 전경에는 잼이 담긴 작은 그릇 두 개와 나무 숟가락이 놓여 있다.",다양 종류 잼 나무 도마 중 병 잼 담기다 흰색,블루베리 사과 시나몬 라즈베리 망고 패션프루트 피 로얄 6 가지 맛 세인트 달 과일 스프레드 병 밝다 색상 받침대 진열 전경 잼 담기다 작다 2개 나무 숟가락
bakery,1001385477,2,"이미지에는 다양한 종류의 잼이 나란히 놓여 있으며, 그중 일부는 뚜껑이 열려 있고 한 병에는 잼이 담긴 그릇이 놓여 있습니다.","블루베리, 사과 & 시나몬, 피그 로얄, 망고 & 패션프루트, 라즈베리 등의 맛이 담긴 세인트 달푸르 과일 스프레드 유리병 세트가 밝은 배경 위에 진열되어 있으며, 전경에는 나무 숟가락과 스프레드가 담긴 작은 그릇들이 놓여 있다.",다양 종류 잼 나란히 중 일부 뚜껑 열리다 병 잼 담기다,블루베리 사과 시나몬 피 로얄 망고 패션프루트 라즈베리 맛 담기다 세인트 달 과일 스프레드 유리병 세트 밝다 배경 진열 나무 숟가락 스프레드 담기다 작다
bakery,1001493094,1,"이미지에는 두 개의 'NUTS GREEN' 브랜드 땅콩버터 제품이 있으며, 각각의 제품은 뚜껑이 닫혀 있고 그 옆에는 땅콩버터가 담긴 그릇이 놓여 있습니다.","회색 바탕 위에 ‘Nuts Green’ 땅콩버터 두 병(하나는 부드러운 타입, 다른 하나는 바삭한 타입)과 이 땅콩버터를 담은 그릇 두 개가 진열되어 있다.",2개 NUTS_GREEN 브랜드 땅콩 버터 제품 각각 제품 뚜껑 닫히다 옆 땅콩 버터 담기다,회색 Nuts_Green 땅콩 버터 병 타입 바삭 타입 땅콩 버터 담다 2개 진열
bakery,1001493094,2,이미지에는 견과류로 만든 크리미한 질감의 식품이 담긴 용기와 그릇이 있습니다.,"“Nuts Green” 식물성 땅콩버터 두 병(하나는 부드러운 타입, 다른 하나는 바삭한 타입)이 회색 바탕 위에 놓인 두 그릇의 제품과 함께 진열되어 있다.",견과 만들다 크리미 질감 식품 담기다 용기,Nuts_Green 식물 땅콩 버터 병 타입 바삭 타입 회색 제품 함께 진열
bakery,1001501168,1,"이미지에는 세 가지 맛의 프랑스식 비스킷이 포장된 상자가 놓여 있습니다. 상자 위에는 비스킷이 놓인 접시가 있으며, 비스킷은 밀크크림과 솔트카라멜 맛으로 각각 다른 색을 띠고 있습니다.","‘아르티제(Artis?e)’의 ‘랑그 드 샤(Langue de Chat)’ 쿠키 세 가지 맛(밀크 크림, 솔트 카라멜 초콜릿, 밀크 초콜릿)을 포장지와 함께 작은 접시에 몇 개씩 담아 플랫 레이로 연출한 사진입니다.",가지 맛 프랑스식 비스킷 포장 상자 상자 비스킷 비스킷 밀크 크림 솔트카라멜 맛 각각 다르다 색 띠다,아르티제(Artis?e) 랑그_드_샤(Langue_de_Chat) 쿠키 가지 맛 밀크 크림 솔 트다 카라멜 초콜릿 밀크 초콜릿 포장지 함께 작다 몇개 담다 플랫 레이 연출
bakery,1001501168,2,이미지에는 다양한 종류의 쿠키가 흰색 접시에 담겨 있습니다. 쿠키는 밀가루를 주재료로 하여 만든 과자로 일부는 초콜릿으로 코팅되어 있으며 일부는 초콜릿이 아닌 크림이 발라져 있습니다. 쿠키는 모두 'ARTISEE'라는 브랜드의 제품으로 보이며 쿠키의 종류에 따라 포장지의 색상이 다릅니다.,"아르티제(Artis?e)의 ‘랑그 드 샤(Langue de Chat)’ 쿠키를 위에서 내려다본 모습으로, 플레인, 초콜릿 코팅, 밀크 크림 맛 등이 밝은 색상의 배경 위에 놓여 있으며, 일부는 흰색 접시에 담겨 있고 다른 일부는 개별 포장지에 담겨 있다.",다양 종류 쿠키 흰색 담기다 쿠키 밀가루 주재료 하다 만들다 과자 일부 초콜릿 코팅 일부 초콜릿 크림 바르다 쿠키 모두 ARTISEE 브랜드 제품 보이다 쿠키 종류 따르다 포장지 색상 다르다,아르티제 랑그_드_샤(Langue_de_Chat) 쿠키 내려다보다 모습 플레인 초콜릿 코팅 밀크 크림 맛 밝다 색상 배경 일부 흰색 담기다 일부 개별 포장지 담기다
bakery,1001556191,1,이미지에는 반으로 잘린 통밀이 빵이 접시 위에 놓여 있습니다.,"소박하고 갈라진 겉면과 부드럽고 폭신폭신한 속살을 지닌 수제 빵 한 덩어리가, 얇게 썰려 다공성 질감이 드러난 채, 따뜻하고 중성적인 배경을 배경으로 흰색 타원형 접시 위에 담겨 있다.",반 잘리다 통 밀 빵,갈라지다 겉면 폭신폭신 속살 지니다 수제 빵 덩어리 얇다 썰다 다공 질감 드러나다 채 중성 배경 배경 흰색 타원 담기다
bakery,1001556191,2,이미지에는 반으로 잘린 빵이 있습니다.,겉은 황금빛 갈색을 띠고 속은 기포가 가득해 폭신폭신한 수제 빵 한 덩어리를 썰어 흰 접시에 담아낸 모습.,반 잘리다 빵,겉 황금빛 갈색 띠다 속 기포 가득 폭신폭신 수제 빵 덩어리 썰다 희다 담다 모습
bakery,1001737663,1,이미지에는 오렌지색 상단이 있는 케이크가 있습니다.,"생기 넘치는 주황색 젤리가 얹어진 둥근 흰색 무스 케이크가 대리석 판 위에 놓여 있고, 그 옆 작은 접시에는 케이크 한 조각이 담겨 있다. 케이크는 흰색과 분홍색의 대리석 무늬가 들어간 상자에 담겨 있으며, 상자에는 “JOSUN DELI”라는 브랜드명이 적혀 있다.",오렌지색 상단 케이크,생기 넘치다 주황색 젤리 얹다 둥글다 흰색 무스 케이크 대리석 판 옆 작다 케이크 조각 담기다 케이크 흰색 분홍색 대리석 무늬 들어가다 상자 담기다 상자 JOSUN_DELI 브랜드 명 적히다
bakery,1001737663,2,이미지에는 오렌지색과 흰색으로 이루어진 케이크가 있습니다.,"생기 넘치는 주황색 젤리가 얹어진 둥근 흰색 케이크가 흰색 대리석 판 위에 놓여 있으며, 전경에는 한 조각이 잘려 흰색 접시에 담겨 있다. 케이크는 부드럽고 크리미한 식감을 지녔으며, 겉면은 황금빛 갈색을 띠고 있다.",오렌지색 흰색 이루어지다 케이크,생기 넘치다 주황색 젤리 얹다 둥글다 흰색 케이크 흰색 대리석 판 전경 조각 잘리다 흰색 담기다 케이크 크리미 식감 지니다 겉면 황금빛 갈색 띠다
bakery,1001737665,1,이미지에는 초콜릿 케이크가 있습니다.,"흰색 대리석 상자가 배경으로 놓인 초콜릿 케이크 사진으로, 흰색 접시에 담긴 한 조각과 대리석 접시 위에 놓인 통째의 케이크가 담겨 있다.",초콜릿 케이크,흰색 대리석 상자 배경 초콜릿 케이크 흰색 담기다 조각 대리석 통 케이크 담기다
bakery,1001737665,2,"이미지에는 초콜릿 케이크 한 개와 한 조각이 있습니다. 케이크 위에는 초콜릿 조각과 건조된 베리류가 올려져 있고, 케이크 옆에는 초콜릿 케이크 한 조각이 놓여 있습니다.","흰색 대리석 접시 위에, 윗면에 초콜릿 가루와 신선한 베리가 얹어진 크고 둥근 초콜릿 케이크가 놓여 있다. 한 조각을 잘라 작은 흰색 접시에 올리자, 초콜릿 케이크와 크림, 과일이 층층이 쌓인 모습이 드러난다.",초콜릿 케이크 1개 조각 케이크 초콜릿 조각 건조 베리 올리다 케이크 옆 초콜릿 케이크 조각,흰색 대리석 윗면 초콜릿 가루 베리 얹다 크다 둥글다 초콜릿 케이크 조각 자르다 작다 흰색 올리다 초콜릿 케이크 크림 과일 층층이 쌓이다 모습 드러나다
bakery,1002104461,1,"이미지에는 버터 샌드 비스킷이 담긴 접시와 상자가 놓여 있습니다. 접시 위에는 버터 샌드 비스킷이 여러 개 놓여 있고, 상자에는 '버터 & 쉘터'라는 문구가 적혀 있습니다.","“Butter & Shelter”라고 적힌 흰색 상자가 초록색 바탕 위에 놓여 있으며, 그 옆에는 개별 포장된 쿠키 몇 개와 크림이 들어간 다양한 종류의 버터 쿠키가 담긴 접시가 놓여 있다. 상자에는 “커피와 빵을 즐기세요”라는 문구가 적혀 있다. 쿠키들은 초록색 테두리가 있는 흰색 접시 위에 가지런히 놓여 있다.",버터 샌드 비스킷 담기다 상자 버터 샌드 비스킷 여러개 상자 버터_&_쉘터 문구 적히다,Butter_&_Shelter 적히다 흰색 상자 초록색 옆 개별 포장 쿠키 몇개 크림 들어가다 다양 종류 버터 쿠키 담기다 상자 커피와_빵을_즐기세요 문구 적히다 쿠키 초록색 테두리 흰색 가지런히
bakery,1002104461,2,이미지에는 접시 위에 놓인 샌드위치 모양의 과자들이 있습니다.,초록색 테두리가 있는 흰색 접시 위에는 바삭바삭한 식감의 황금빛 갈색 직사각형 쿠키 몇 개가 놓여 있다. 일부는 겹쳐져 있어 크림색의 흰색 속과 캐러멜 같은 토핑이 드러나 있다. 쿠키 한 개는 반으로 잘려 있어 층이 선명하게 보인다. 접시는 짙은 초록색 배경 위에 놓여 있다.,샌드위치 모양 과자,초록색 테두리 흰색 바삭바삭 식감 황금빛 갈색 직사각형 쿠키 몇개 일부 겹쳐지다 크림 색 흰색 속 캐러멜 같다 토핑 드러나다 쿠키 1개 반 잘리다 층 선명 보이다 짙다 초록색 배경
bakery,1002202568,1,이미지에는 무가당 땅콩버터 스틱 제품이 있습니다.,"부드러운 땅콩버터 제품 3개의 개별 포장지가 같은 제품의 더 큰 상자 위에 진열되어 있으며, 이 모든 것이 회색 바탕 위에 놓여 있다.",무가당 땅콩 버터 스틱 제품,땅콩 버터 제품 3개 개별 포장지 같다 제품 더 크다 상자 진열 회색
bakery,1002202568,2,"이미지에는 땅콩버터 스틱이 있으며, 스틱은 포장지에 땅콩 그림이 그려져 있고 'EASY CUT'이라고 적혀 있으며, 옆에는 흰색 접시에 땅콩버터가 담겨 있습니다.","“100% 한국산 땅콩”과 “비건”이라고 적힌 흰색 ‘넛츠 그린’ 스무스 땅콩버터 포장지가, 크림처럼 부드러운 연한 갈색 땅콩버터가 발라진 흰색 접시 옆에 놓여 있다.",땅콩 버터 스틱 스틱 포장지 땅콩 그림 그리다 EASY_CUT 적히다 옆 흰색 땅콩 버터 담기다,100%_한국산_땅콩 비건 적히다 흰색 넛츠_그린 스무스 땅콩 버터 포장지 크림 연하다 갈색 땅콩 버터 바르다 흰색 옆
convenience_meals,5009669,1,이미지에는 다양한 재료가 들어있는 샐러드가 담긴 용기들이 있습니다.,"알록달록한 샐러드 재료가 가득 담긴 투명한 플라스틱 병 여섯 개가, 각각 검은색 뚜껑과 알록달록한 라벨로 밀봉된 채 밝은 회색 바탕 위에 놓여 있다.",다양 재료 들다 샐러드 담기다 용기,알록달록 샐러드 재료 가득 담기다 투명 플라스틱 병 6개 각각 검은색 뚜껑 알록달록 라벨 밀봉 채 밝다 회색
convenience_meals,5009669,2,이미지에는 네 개의 접시에 담긴 다양한 샐러드가 있습니다.,"새우, 닭고기, 토마토, 모짜렐라, 샐러드 채소 등 다양한 재료가 들어간 신선한 샐러드 4접시가 연회색 접시 위에 담겨 있으며, 드레싱이 담긴 작은 그릇이 곁들여져 있다.",4개 담기다 다양 샐러드,새우 닭고기 토마토 모짜렐라 샐러드 채소 다양 재료 들어가다 샐러드 4 회색 담기다 드레싱 담기다 작다 곁들이다
convenience_meals,5037794,1,이미지에는 검은색 접시 위에 놓인 노릇노릇하게 구워진 전이 있습니다.,"황금빛 갈색을 띤 둥근 모양의 한국식 튀김 간식(어묵이나 그와 비슷한 음식일 가능성이 있음)이 담긴 접시로, 짙은 색의 소박한 접시에 나무 젓가락과 함께 제공된다.",검은색 노릇노릇 전,황금빛 갈색 띠다 둥글다 모양 한국식 튀김 간식 어묵 음식 가능 담기다 짙다 색 나무 젓가락 함께 제공
convenience_meals,5037794,2,이미지에는 검은색 접시에 담긴 노릇하게 구워진 전이 있습니다.,"짙은 색의 소박한 접시에 담겨 나온, 황금빛을 띤 둥글고 바삭한 한국식 튀김 요리 한 접시. 아마도 팬케이크나 튀김의 일종으로 보이며, 다진 파가 곁들여져 있다.",검은색 담기다 전,짙다 색 담기다 나오다 황금 빛 띠다 둥글다 바삭 한국식 튀김 요리 아마도 팬케이크 튀김 일종 보이다 다지다 파 곁들이다
convenience_meals,5049405,1,이미지에는 접시에 담긴 요리가 있습니다.,"회색 바탕 위에, 닭고기와 채소, 국수를 푹 끓여 만든 고소한 스튜가 가득 담긴 흰 그릇이 놓여 있고, 그 위에는 참깨가 뿌려져 있다. 그 옆의 작은 흰 접시 위에는 나무 숟가락이 놓여 있다.",담기다 요리,회색 닭고기 채소 국수 푹 끓이다 만들다 고소하다 스튜 가득 담기다 희다 참깨 뿌리다 옆 작다 희다 나무 숟가락
convenience_meals,5049405,2,이미지에는 접시에 담긴 닭고기 요리가 있습니다.,"닭고기와 채소, 면이 들어간 풍미 가득한 스튜가 담긴 흰색 타원형 그릇 위에 참깨가 뿌려져 있고, 그 그릇은 회색 받침대 위에 놓여 있으며, 그 옆의 작은 흰색 접시 위에는 나무 숟가락이 놓여 있다.",담기다 닭고기 요리,닭고기 채소 면 들어가다 풍미 가득 스튜 담기다 흰색 타원 참깨 뿌리다 회색 받침대 옆 작다 흰색 나무 숟가락
convenience_meals,5050290,1,이미지에는 매콤한 양념에 버무린 닭고기 요리가 담긴 그릇이 있습니다.,"붉은 소스에 닭고기와 떡이 들어간 매콤한 한국식 떡볶이 한 그릇으로, 흰 접시에 담겨 젓가락과 천 냅킨과 함께 제공됩니다.",매콤하다 양념 버무리다 닭고기 요리 담기다,붉다 소스 닭고기 떡 들어가다 매콤하다 한국식 떡볶이 희다 담기다 젓가락 천 냅킨 함께 제공
convenience_meals,5050290,2,이미지에는 매콤한 양념에 버무려진 닭고기 요리가 담긴 그릇이 있습니다.,"매콤한 한국식 떡볶이 한 접시. 짙은 붉은 소스에 떡과 닭고기가 들어 있으며, 참깨를 뿌리고 젓가락과 함께 제공됩니다.",매콤하다 양념 버무리다 닭고기 요리 담기다,매콤하다 한국식 떡볶이 짙다 붉다 소스 떡 닭고기 들다 참깨 뿌리다 젓가락 함께 제공
convenience_meals,5060255,1,이미지에는 흰색 그릇에 담긴 짙은 갈색 소스에 버무린 고기와 노란색 면이 있는 음식이 있습니다.,베이지색 식탁보 위에 놓인 흰색 그릇에 담긴 한국식 소고기 국수 한 그릇. 어두운 색 냅킨 위에는 젓가락이 놓여 있다.,흰색 담기다 짙다 갈색 소스 버무리다 고기 색 면 음식,베이지 색 식탁보 흰색 담기다 한국식 소고기 국수 색 냅킨 젓가락
convenience_meals,5060255,2,이미지에는 그릇에 담긴 짜장면이 있습니다.,"진하고 짙은 갈색의 국물에 고기 덩어리가 듬뿍 들어간 한국식 라면 한 그릇으로, 노란 면이 곁들여져 있다. 흰색 그릇은 밝은 색의 받침대 위에 놓여 있고, 근처의 어두운 천 위에는 젓가락이 놓여 있다.",담기다 짜장면,진하다 짙다 갈색 국물 고기 덩어리 듬뿍 들어가다 한국식 라면 면 곁들이다 흰색 밝다 색 받침대 근처 천 젓가락
convenience_meals,5063596,1,"이미지에는 빨간색 뚜껑이 달린 여러 개의 그라놀라 제품이 나란히 놓여 있습니다. 각 제품에는 'Granola House'라는 브랜드명과 함께 '그라놀라'라는 제품명이 적혀 있으며, 그 아래에는 다양한 맛의 이름이 적혀 있습니다.","빨간 뚜껑이 달리고 빨간 앞치마를 두른 여성이 그려진 라벨이 붙은 ‘그라놀라 하우스’ 그라놀라 병 6개가 밝은 색상의 표면 위에 두 줄로, 각 줄에 세 개씩 나란히 놓여 있다. 라벨에는 블루베리, 시나몬, 메이플 피칸 등 다양한 맛이 한국어로 표기되어 있다.",빨간색 뚜껑 달리다 여러개 그라놀라 제품 나란히 제품 Granola_House 브랜드 명 함께 그라놀라 제품 명 적히다 아래 다양 맛 이름 적히다,뚜껑 달리다 앞치마 두르다 여성 그리다 라벨 붙다 그라놀라_하우스 그라놀라 병 6개 밝다 색상 표면 줄 줄 3개 나란히 라벨 블루베리 시나몬 메이플 피칸 다양 맛 한국어 표기
convenience_meals,5063596,2,이미지에는 네 개의 그릇에 담긴 다양한 종류의 그래놀라가 있습니다.,"그라놀라가 가득 담긴 흰 그릇 네 개로, 각 그릇에는 말린 과일, 견과류, 오트밀 등 서로 다른 토핑이 올려져 있다.",4개 담기다 다양 종류 그래놀라,그라놀라 가득 담기다 희다 4개 말리다 과일 견과 오트밀 서로 다르다 토핑 올리다
convenience_meals,5066426,1,이미지에는 테스티 브랜드의 다양한 샐러드 팩이 나란히 배열되어 있습니다.,"투명한 플라스틱 용기에 담겨 있는 8가지 종류의 미리 포장된 알록달록한 샐러드 세트로, 각 용기에는 “테이스티”(Tae-ssi)라는 브랜드명이 적힌 노란색과 녹색 라벨이 붙어 있습니다. 이 샐러드들은 채소, 곡물, 단백질이 혼합되어 있으며, 일부 제품에는 병아리콩, 옥수수, 토마토, 올리브가 들어 있습니다.",테스티 브랜드 다양 샐러드 팩 나란히 배열,투명 플라스틱 용기 담기다 8 가지 종류 미리 포장 알록달록 샐러드 세트 용기 테이스티 브랜드 명 적히다 노란색 녹색 라벨 붙다 샐러드 채소 곡물 단백질 혼합 일부 제품 병아리콩 옥수수 토마토 올리브 들다
convenience_meals,5066426,2,이미지에는 다양한 재료로 구성된 여러 개의 샐러드 용기가 나란히 배열되어 있습니다.,"투명한 플라스틱 용기에 담겨 있는 미리 포장된 다채로운 샐러드 모음으로, 각 용기에는 다양한 신선한 채소, 콩류, 단백질 식재료가 들어 있으며, 일부 제품에는 소스 봉지가 포함되어 있습니다.",다양 재료 구성 여러개 샐러드 용기 나란히 배열,투명 플라스틱 용기 담기다 미리 포장 샐러드 모음 용기 다양 채소 콩 단백질 식재료 들다 일부 제품 소스 봉지 포함
convenience_meals,5072582,1,이미지에는 달걀 샐러드가 담긴 그릇과 달걀 샐러드 팩이 있습니다.,"‘쿠리의 에그 스프레드 샐러드’ 파우치 하나와, 그 안에 담긴 스프레드 한 그릇, 그릇 안에 숟가락 하나, 그리고 흰색 접시 하나.",달걀 샐러드 담기다 달걀 샐러드 팩,쿠리의_에그_스프레드_샐러드 파우치 안 담기다 스프레드 안 숟가락 그리고 흰색
convenience_meals,5072582,2,"이미지에는 빵 한 조각 위에 스크램블 에그가 올려져 있고, 옆에는 계란 샐러드가 담긴 그릇과 우유가 담긴 컵이 놓여 있는 모습입니다.","통밀 토스트 한 조각 위에 스크램블 에그를 얹고, 흰 접시에 담아 숟가락과 함께 내놓았다. 테이블 위에는 스크램블 에그 한 그릇과 우유 한 잔이 놓여 있다.",빵 조각 스크램블 에그 올리다 옆 계란 샐러드 담기다 우유 담기다 컵 모습,통밀 토스트 조각 스크램블 에그 얹다 희다 담다 숟가락 함께 내놓다 테이블 스크램블 에그 우유 잔
convenience_meals,5073094,1,이미지에는 그릇에 담긴 국수 요리가 있습니다.,"얇은 쌀국수와 부드러운 얇게 썬 소고기, 다진 파가 들어간 베트남식 쌀국수 한 그릇이, 파란색과 흰색 무늬가 있는 그릇에 담겨 밝은 색상의 접시 위에 놓여 있다.",담기다 국수 요리,얇다 쌀 국수 얇다 썰다 소고기 다지다 파 들어가다 베트남식 쌀국수 파란색 흰색 무늬 담기다 밝다 색상
convenience_meals,5073094,2,이미지에는 국수 위에 고기와 파를 얹은 음식이 있습니다.,"얇게 썬 고기와 다진 파가 들어간 맑은 국물의 국수 한 그릇으로, 파란색과 흰색 무늬가 있는 그릇에 담겨 밝은 색의 접시 위에 놓여 있다.",국수 고기 파 얹다 음식,얇다 썰다 고기 다지다 파 들어가다 맑다 국물 국수 파란색 흰색 무늬 담기다 밝다 색
convenience_meals,5082274,1,이미지에는 비비고 왕교자 냉동식품이 있습니다.,"초록색과 흰색으로 디자인된 냉동 만두 포장지로, 브랜드명 “abigo”와 한국어로 “만두”를 뜻하는 “양고자(Yanggokja)”라는 단어가 적혀 있다. 포장지에는 만두 사진이 실려 있으며, 그중 하나는 반으로 잘려 속이 드러나 있다.",비비고_왕교자 냉동식품,초록색 흰색 디자인 냉동 만두 포장지 브랜드 명 abigo 한국어 만두 뜻 양고자(Yanggokja) 단어 적히다 포장지 만두 실리다 그중 반 잘리다 속 드러나다
convenience_meals,5082274,2,이미지에는 비비고 왕교자 냉동식품이 있습니다.,"비비고 브랜드 만두 한 팩으로, 나무 접시 위에 만두가 담긴 모습이 그려진 초록색과 흰색의 디자인이 특징입니다.",비비고_왕교자 냉동식품,비비고 브랜드 만두 팩 나무 만두 담기다 모습 그리다 초록색 흰색 디자인 특징
convenience_meals,5088325,1,이미지에는 그릇에 담긴 국수 요리가 있습니다.,"맑은 국물에 면이 담긴 라면 한 그릇 위에 검은 김, 붉은 고춧가루, 갈색 양념 가루가 듬뿍 올려져 있고, 그 옆에는 젓가락이 놓여 있다.",담기다 국수 요리,맑다 국물 면 담기다 라면 검다 김 붉다 고춧가루 갈색 양념 가루 듬뿍 올리다 옆 젓가락
convenience_meals,5088325,2,이미지에는 국물이 담긴 그릇에 담긴 국수 요리가 있습니다.,"연한 갈색 국물에 면이 담긴 라면 한 그릇으로, 그 위에는 김, 붉은 고춧가루, 갈색 양념 가루가 듬뿍 올려져 있고, 젓가락이 옆에 놓여 있다.",국물 담기다 담기다 국수 요리,연하다 갈색 국물 면 담기다 라면 김 붉다 고춧가루 갈색 양념 가루 듬뿍 올리다 젓가락 옆
convenience_meals,5090388,1,"이미지에는 매콤해 보이는 국물 요리가 담긴 그릇과 함께 국수, 만두, 채소 등이 함께 제공되는 모습이 있습니다.","두부, 김치, 우동 면이 들어간 매콤한 한국식 라면 한 그릇으로, 우동 면 한 그릇과 조미료 봉지가 곁들여져 제공됩니다.",보이다 국물 요리 담기다 함께 국수 만두 채소 함께 제공 모습,두부 김치 우동 면 들어가다 매콤하다 한국식 라면 우동 면 조미료 봉지 곁들이다 제공
convenience_meals,5090388,2,이미지에는 매콤해 보이는 국물 요리가 담긴 그릇이 있습니다.,"진한 붉은 국물에 굵은 면, 두부, 김치가 들어간 매콤한 한국식 라면 한 그릇으로, 나무 젓가락이 곁들여져 나옵니다.",보이다 국물 요리 담기다,진하다 붉다 국물 굵다 면 두부 김치 들어가다 매콤하다 한국식 라면 나무 젓가락 곁들이다 나오다
convenience_meals,5135831,1,이미지에는 네 개의 용기에 각각 다른 종류의 한식이 담겨 있으며 상단에는 해당 상품의 포장 박스가 놓여 있습니다.,"Onthego 한국 음식 한 세트로, 서로 다른 메뉴가 담긴 검은색 플라스틱 용기 세 개가 들어 있습니다. 하나는 볶음 요리, 다른 하나는 밥과 계란 후라이, 세 번째는 계란 후라이가 얹어진 매운 요리입니다.",4개 용기 각각 종류 한식 담기다 상단 해당 상품 포장 박스,한국 음식 세트 서로 다르다 메뉴 담기다 검은색 플라스틱 용기 3개 들다 볶음 요리 밥 계란 후라이 번 계란 후라이 얹다 요리
convenience_meals,5135831,2,이미지에는 네 개의 포장된 한식 도시락이 있습니다.,"“숯불 맛 규동 & 에그롤” 한 팩과 밥, 채소, 다양한 토핑이 들어간 즉석식 3개 등 총 4개의 한국식 도시락 사진.",4개 포장 한식 도시락,숯불_맛_규동_&_에그롤 팩 밥 채소 다양 토핑 들어가다 즉석 식 3개 4개 한국식 도시락
convenience_meals,5136646,1,이미지에는 네 개의 샌드위치가 놓인 접시가 있습니다.,"밝은 회색 바탕 위에, 각각 양상추, 토마토, 고기 패티가 들어간 샌드위치 반쪽 세 개가 담긴 접시와, 소스가 담긴 작은 그릇 두 개가 놓여 있다.",4개 샌드위치,밝다 회색 각각 양상추 토마토 고기 패티 들어가다 샌드위치 반쪽 3개 담기다 소스 담기다 작다 2개
convenience_meals,5136646,2,이미지에는 네 개의 샌드위치가 있는 모습입니다.,"각기 다른 토핑이 올려진 샌드위치 반쪽 4개가 흰 접시에 담겨 있고, 그 옆에는 소스가 담긴 작은 그릇이 놓여 있다.",4개 샌드위치 모습,각기 토핑 올리다 샌드위치 반쪽 4개 희다 담기다 옆 소스 담기다 작다
convenience_meals,5156742,1,이미지에는 두 개의 그릇에 담긴 매운 국물 요리가 있습니다.,"붉은 국물에 고기, 채소, 면 등 다양한 재료가 들어간 매콤한 한국식 면 요리 두 그릇이 연한 베이지색 접시 위에 젓가락 한 쌍과 함께 담겨 있다.",2개 담기다 국물 요리,붉다 국물 고기 채소 면 다양 재료 들어가다 매콤하다 한국식 면 요리 연하다 베이지 색 젓가락 쌍 함께 담기다
convenience_meals,5156742,2,이미지에는 매콤해 보이는 국물 요리가 담긴 그릇이 있습니다.,"선명한 붉은색 소스에 얇게 썬 고기, 버섯, 당근, 파가 들어간 매콤한 한국식 국수 한 그릇.",보이다 국물 요리 담기다,선명 붉은색 소스 얇다 썰다 고기 버섯 당근 파 들어가다 매콤하다 한국식 국수
convenience_meals,1000029142,1,이미지에는 세 개의 샌드위치가 포장된 비닐봉지가 있고 그 옆에 흰색 접시 위에 샌드위치가 놓여 있습니다.,흰 접시 위에는 빵과 속재료가 층층이 쌓여 있고 속재료가 선명하게 보이는 삼각형 샌드위치들이 가지런히 놓여 있다. 접시 뒤쪽에는 빨간색과 흰색 로고가 새겨진 똑같은 삼각형 포장지 세 개가 진열되어 있다.,3개 샌드위치 포장 비닐 봉지 옆 흰색 샌드위치,희다 빵 속 재료 층층이 쌓이다 속 재료 선명 보이다 삼각 샌드위치 가지런히 뒤쪽 빨간색 흰색 로고 새기다 똑같다 삼각 포장지 3개 진열
convenience_meals,1000029142,2,이미지에는 세 조각의 삼각형 모양 샌드위치가 있는 모습입니다.,"하얀 직사각형 접시 위에는 연한 갈색 빵으로 만든 삼각형 샌드위치 세 개가 놓여 있는데, 각 샌드위치에는 얇게 썬 분홍색 햄 한 장, 노란색 스프레드, 그리고 노란색 치즈가 층층이 쌓여 있다. 샌드위치 하나는 잘려서 왼쪽에 놓여 있고, 나머지 두 개는 오른쪽에 쌓여 있다.",조각 삼각 모양 샌드위치 모습,직사각형 연하다 갈색 빵 만들다 삼각 샌드위치 3개 샌드위치 얇다 썰다 분홍색 햄 장 색 스프레드 그리고 노란색 치즈 층층이 쌓이다 샌드위치 잘리다 왼쪽 나머지 2개 오른쪽 쌓이다
convenience_meals,1000127954,1,이미지에는 다양한 맛의 버루카로 포장된 스낵들이 있습니다.,다양한 속재료와 맛을 가진 8가지 종류의 포장된 부리토 스낵이 밝은 회색 바탕 위에 진열되어 있다.,다양 맛 버루카 포장 스낵,다양 속 재료 맛 가지다 8 가지 종류 포장 부리토 스낵 밝다 회색 진열
convenience_meals,1000127954,2,이미지에는 접시 위에 놓인 여러 개의 토르티야 랩이 있습니다.,"흰 접시 위에 말아 놓은 부리토 네 개가 놓여 있는데, 그중 하나는 반으로 잘려 있어 콩, 옥수수, 그리고 다른 재료들로 채워진 속이 드러나 있다.",여러개 토르티야 랩,희다 말다 부리토 4개 중 반 잘리다 콩 옥수수 그리고 재료 채우다 속 드러나다
convenience_meals,1000165839,1,이미지에는 작은공기 1개와 큰 상자 1개가 있습니다.,밝은 회색 바탕 위에 흰색 라이스 푸딩 한 팩과 컵 하나가 놓여 있다.,작다 공기 1개 크다 상자 1개,밝다 회색 흰색 라이스 푸딩 팩 컵
convenience_meals,1000165839,2,이미지에는 6개입의 '햇반 작은공기' 즉석밥이 있습니다.,"“해반” 브랜드의 조리된 백미 한 팩으로, 6개들이 상자와 개별 용기 1개가 포함되어 있으며, 두 포장 모두 그릇에 담긴 밥의 이미지가 그려져 있습니다. 포장은 주로 흰색과 빨간색을 바탕으로 하고 있으며, 한국어 문구가 적혀 있습니다.",6개입 햇반_작은공기 즉석밥,해반 브랜드 조리 백미 팩 6개 상자 개별 용기 1개 포함 포장 모두 담기다 밥 그리다 포장 주로 흰색 빨간색 하다 한국어 문구 적히다
convenience_meals,1000169817,1,이미지에는 흰색의 포장지에 담긴 상온HMR 제품과 상자 형태의 포장재가 놓여 있습니다.,"밝은 회색 바탕 위에, 노란색과 흰색 플라스틱 용기에 각각 담겨 있는 12인분짜리 ‘오토기 밥’ 한 상자가 놓여 있습니다. 포장지는 주로 흰색과 노란색을 띠고 있으며, 한국어 문구와 빨간색 로고가 인쇄되어 있습니다.",흰색 포장지 담기다 상온 제품 상자 형태 포장재,밝다 회색 노란색 흰색 플라스틱 용기 각각 담기다 12 인분 오토기_밥 상자 포장지 주로 흰색 노란색 띠다 한국어 문구 빨간색 로고 인쇄
convenience_meals,1000169817,2,이미지에는 흰밥이 들어있는 상온HMR 제품들이 있습니다.,"개별 포장되어 노란색 라벨이 붙은 ‘오토기 즉석밥’ 4개가 쌓여 있으며, 앞쪽에는 한 봉지가 있고, 뒤쪽에는 노란색과 파란색 글자가 적힌 큰 흰색 상자와 “12개입” 라벨이 보인다.",희다 밥 들다 상온 제품,개별 포장 노란색 라벨 붙다 오토기_즉석밥 4개 쌓이다 앞쪽 봉지 뒤쪽 노란색 파란색 글자 적히다 크다 흰색 상자 12개입 라벨 보이다
convenience_meals,1000170826,1,이미지에는 크리미치즈 소시지 핫도그가 놓인 접시가 있습니다.,"노릇노릇하게 구워진 콘도그 한 접시. 한 조각을 잘라내면 녹아내린 치즈 속이 드러나며, 브랜드의 포장지가 곁들여져 있다.",크리미 치즈 소시지 핫도그,노릇노릇 콘도그 조각 자르다 녹다 내리다 치즈 속 드러나다 브랜드 포장지 곁들이다
convenience_meals,1000170826,2,"이미지에는 노란색 배경 위에 놓인 두 개의 접시에 담긴 콘도그가 있습니다. 왼쪽 접시에는 전체 콘도그와 반으로 잘린 콘도그가 놓여 있고, 오른쪽 접시에는 세 개의 콘도그가 놓여 있으며 그 중 한 개는 반으로 잘려 안에 치즈가 흘러나오고 있습니다.","나무 꼬치에 꽂힌 황금빛 갈색의 빵가루를 입힌 콘도그 두 접시. 그중 한 접시에는 콘도그가 반으로 갈라져 있어, 속이 녹아내린 치즈가 끈적끈적하게 드러나 있다.",노란색 배경 2개 담기다 콘도그 왼쪽 전체 콘도그와 반 잘리다 콘도그 오른쪽 3개 콘도그 중 1개 반 잘리다 안 치즈 흐르다 나오다,나무 꼬치 꽂히다 황금빛 갈색 빵 가루 입히다 콘도그 중 콘도그 반 가르다 속 녹아내리다 치즈 끈적끈적 드러나다
convenience_meals,1000185462,1,이미지에는 6가지 종류의 냉동 주먹밥 제품이 있습니다.,각기 다른 맛과 이름을 가진 한국식 튀긴 떡 6개가 한 세트로 포장되어 회색 바탕 위에 진열되어 있다.,6 가지 종류 냉동 주먹밥 제품,각기 맛 이름 가지다 한국식 튀기다 떡 6개 세트 포장 회색 진열
convenience_meals,1000185462,2,이미지에는 6가지 맛의 해반 브랜드 주먹밥 제품이 있습니다.,각기 다른 맛과 색상을 지닌 한국식 튀긴 떡 6개가 한 세트로 포장되어 회색 바탕 위에 진열되어 있다.,6 가지 맛 해 반 브랜드 주먹밥 제품,각기 맛 색상 지니다 한국식 튀기다 떡 6개 세트 포장 회색 진열
convenience_meals,1000202889,1,이미지에는 흰색의 포장지에 '한반'이라는 브랜드명과 '현제나 홀드큰쌀밥'이라는 제품명이 적혀 있는 상자가 있고 그 옆에는 동일한 상자의 뚜껑과 밥이 담긴 흰색 그릇이 놓여 있습니다.,“함반” 쌀 한 봉지. 그중 한 용기가 열려 있어 안의 흰 쌀이 드러나 있다.,흰색 포장지 한반 브랜드 명 현제나_홀드큰쌀밥 제품 명 적히다 상자 옆 동일 상자 뚜껑 밥 담기다 흰색,함반 쌀 봉지 중 용기 열리다 안 희다 쌀 드러나다
convenience_meals,1000202889,2,이미지에는 햇반 연제나향긋한골든퀴쌀밥 6개입 제품이 있습니다.,앞쪽에 흰 밥이 담긴 그릇이 있고 용기 뚜껑이 열린 상태인 “키류 전용” 쌀 한 팩.,햇반 연제 골든 퀴 쌀밥 6개입 제품,앞쪽 희다 밥 담기다 용기 뚜껑 열리다 상태 키류_전용 쌀 팩
convenience_meals,1000308975,1,이미지에는 99닭강정 포장이 있고 그 옆에는 닭강정 한 조각이 놓인 포크가 있습니다.,"“99닭강정 by Kurly”라고 적혀 있고 음식 일러스트가 그려진 갈색 종이봉투 위에, 윤기 나고 소스가 듬뿍 묻은 닭강정 한 접시가 놓여 있다. 노란색 배경 위, 봉투 옆에는 닭강정 한 조각이 꽂힌 포크가 놓여 있다.",99 닭 강정 포장 옆 닭 강정 조각 포크,99닭강정_by_Kurly 적히다 음식 일러스트 그리다 갈색 종이 봉투 윤기 나다 소스 듬뿍 닭강정 노란색 배경 봉투 옆 닭 강정 조각 꽂히다 포크
convenience_meals,1000308975,2,이미지에는 윤기 나는 양념 치킨이 담긴 접시가 있습니다.,"윤기 나는 소스가 듬뿍 묻은 프라이드 치킨 조각들로 가득 찬 흰색 타원형 접시와, 그 오른쪽에 놓인 더 작은 흰색 접시에는 치킨 조각 몇 개가 담겨 있는데, 그중 하나는 반으로 잘려 안쪽의 흰 살코기가 드러나 있으며, 접시 위에는 포크가 놓여 있다.",윤기 나다 양념 치킨 담기다,윤기 나다 소스 듬뿍 프라이드 치킨 조각 가득 차다 흰색 타원 오른쪽 더 작다 흰색 치킨 조각 몇개 담기다 중 반 잘리다 안쪽 희다 살코기 드러나다 포크
convenience_meals,1000572062,1,이미지에는 검은색 냄비에 담긴 육개장이 있습니다.,"풍미 가득한 소고기와 버섯 스튜가 담긴 검은 냄비. 진한 육수 속에 얇게 썬 소고기, 버섯, 쪽파, 얇은 면이 들어 있다. 냄비는 연회색 바탕 위에 놓여 있으며, 배경에는 생소고기 한 팩과 신선한 채소가 든 봉지가 보인다.",검은색 냄비 담기다 육개장,풍미 가득 소고기 버섯 스튜 담기다 검다 냄비 진하다 육수 속 얇다 썰다 소고기 버섯 쪽파 얇다 면 들다 냄비 회색 배경 소고기 팩 채소 들다 봉지 보이다
convenience_meals,1000572062,2,이미지에는 검은색 냄비에 담긴 소고기 국물 요리가 있습니다.,"투명한 육수에 얇게 썬 소고기, 버섯, 당면, 채소가 들어간 풍미 가득한 스튜가 담긴, 검은색의 둥근 모양에 손잡이가 두 개 달린 냄비.",검은색 냄비 담기다 소고기 국물 요리,투명 육수 얇다 썰다 소고기 버섯 당면 채소 들어가다 풍미 가득 스튜 담기다 검은색 둥글다 모양 손잡이 2개 달리다 냄비
convenience_meals,1000619042,1,이미지에는 통새우 만두가 담긴 흰색 접시와 통새우 만두가 그려진 포장지가 있습니다.,하얀 접시 위에는 황금빛 갈색을 띤 말아 만든 새우 만두 다섯 개가 가지런히 놓여 있다. 그 옆에는 조리된 만두 사진이 그려진 비비고 ‘통새우 만두’의 초록색 포장지가 놓여 있다.,통 새우 만두 담기다 흰색 통 새우 만두 그리다 포장지,황금빛 갈색 띠다 말다 만들다 새우 만두 5개 가지런히 옆 조리 만두 그리다 비비고 통새우_만두 초록색 포장지
convenience_meals,1000619042,2,이미지에는 접시 위에 놓인 새우가 들어간 만두가 있습니다.,노릇노릇하게 팬에 구워진 새우 만두 한 접시. 그중 일부는 반으로 잘려 있어 속의 새우와 채소가 드러나 있다.,새우 들어가다 만두,노릇노릇 팬 새우 만두 중 일부 반 잘리다 속 새우 채소 드러나다
convenience_meals,1000765126,1,이미지에는 접시에 담긴 만두와 만두 포장지가 있습니다.,"옅은 보라색 접시 위에 노릇노릇하게 팬에 구운 만두 한 접시가 놓여 있고, 배경에는 만두 한 봉지가 보인다. 접시 옆 냅킨 위에는 보라색 젓가락 한 쌍이 놓여 있다.",담기다 만두 만두 포장지,옅다 보라색 노릇노릇 팬 만두 배경 만두 봉지 보이다 옆 냅킨 보라색 젓가락 쌍
convenience_meals,1000765126,2,이미지에는 접시 위에 놓인 만두가 있습니다.,노릇노릇하고 바삭해 보이는 한국식 만두 한 접시. 그중 하나는 반으로 잘려 있어 속의 쌀과 파가 드러나 있다.,만두,노릇노릇 바삭 보이다 한국식 만두 중 반 잘리다 속 쌀 파 드러나다
convenience_meals,1000811962,1,이미지에는 검은색 프라이팬에 담긴 해산물 요리가 있습니다.,"새우, 문어, 면이 들어간 매콤하고 붉은 색의 해산물 스튜가 가득 담긴 검은 주철 프라이팬 위에 짙은 색의 해조류가 곁들여져 있습니다. 이 요리는 연회색 접시 위에 담겨 나옵니다.",검은색 프라이팬 담기다 해산물 요리,새우 문어 면 들어가다 매콤하다 붉다 색 해산물 스튜 가득 담기다 검다 주 철 프라이팬 짙다 색 해조 곁들이다 요리 회색 담기다 나오다
convenience_meals,1000811962,2,이미지에는 매콤한 해산물 요리가 담긴 검은색 프라이팬이 있습니다.,"생기 넘치고 매콤한 해산물 스튜가 가득 담긴 검은 주철 프라이팬. 이 요리는 진한 붉은 소스에 새우, 문어, 당면이 들어 있으며, 다진 파와 짙은 색의 해조류가 곁들여져 있습니다.",해산물 요리 담기다 검은색 프라이팬,생기 넘치다 해산물 스튜 가득 담기다 검다 주 철 프라이팬 요리 진하다 붉다 소스 새우 문어 당면 들다 다지다 파 짙다 색 해조 곁들이다
convenience_meals,1000832403,1,이미지에는 햇반 브랜드의 현미밥 상품이 있습니다.,"“해반” 브랜드의 한국식 죽 한 팩으로, 흰 그릇에 한 끼 분량이 담겨 있어 쌀알의 입자가 선명하게 드러나 있다.",햇반 브랜드 현미밥 상품,해반 브랜드 한국식 죽 팩 희다 끼 분량 담기다 쌀알 입자 선명 드러나다
convenience_meals,1000832403,2,이미지에는 흰색 그릇에 담긴 밥과 밥을 떠서 들고 있는 나무 숟가락이 있습니다.,"부드러운 보라색 배경을 배경으로, 흰색 그릇 위에 나무 숟가락이 한 숟가락의 지은 현미를 떠 올려놓고 있다.",흰색 담기다 밥 밥 뜨다 들다 나무 숟가락,보라색 배경 배경 흰색 나무 숟가락 숟가락 현미 뜨다 올리다
convenience_meals,1000942597,1,이미지에는 크림 소스에 버섯과 붉은 고추가 들어간 파스타가 담긴 그릇이 있습니다.,손잡이가 달린 흰색 그릇에 크림 소스를 곁들인 파스타와 생선 조각이 가득 담겨 보라색 냅킨 위에 놓여 있다. 그 옆의 회색 표면 위에는 보라색 젓가락 한 쌍이 놓여 있다.,크림 소스 버섯 붉다 고추 들어가다 파스타 담기다,손잡이 달리다 흰색 크림 소스 곁들이다 파스타 생선 조각 가득 담기다 보라색 냅킨 옆 회색 표면 보라색 젓가락 쌍
convenience_meals,1000942597,2,이미지에는 크림소스에 버무려진 파스타가 담긴 그릇이 있습니다.,"크리미한 파스타가 가득 담긴 흰색 그릇 위에 얇게 썬 닭고기와 붉은 고춧가루가 올려져 있고, 그 그릇은 보라색 천 냅킨 위에 놓여 있다.",크림 소스 버무리다 파스타 담기다,크리미 파스타 가득 담기다 흰색 얇다 썰다 닭고기 붉다 고춧가루 올리다 보라색 천 냅킨
convenience_meals,1001150374,1,이미지에는 접시에 담긴 랩과 여러 개의 랩 포장지가 놓여 있습니다.,각기 다른 속재료를 넣은 부리토 세 개가 말려진 접시가 연회색 바탕 위에 놓여 있다. 접시 뒤쪽에는 각각 다른 맛과 색상을 지닌 ‘비비드 키친(Vivid Kitchen)’ 부리토 세 팩이 놓여 있다.,담기다 랩 여러개 랩 포장지,각기 속 재료 넣다 부리토 3개 말리다 회색 뒤쪽 각각 맛 색상 지니다 비비드_키친(Vivid_Kitchen) 부리토 팩
convenience_meals,1001150374,2,이미지에는 세 개의 랩이 담긴 접시가 있습니다.,"흰 접시 위에 놓인 부리토 세 개. 그중 하나는 반으로 잘려 있어, 채소와 고기로 이루어진 알록달록한 속이 드러나 있다.",3개 랩 담기다,희다 부리토 3개 중 반 잘리다 채소 고기 이루어지다 알록달록 속 드러나다
convenience_meals,1001191650,1,이미지에는 다양한 종류의 쌀과자 패키지와 그 제품들이 담긴 접시가 있습니다.,"개별 봉지와 대용량 패키지 등 다양한 포장 형태의 현미 곤약 볼 제품들이 연보라색 배경 위에 진열되어 있으며, 그중 일부는 접시 위에 놓여 있다.",다양 종류 쌀 과자 패키지 제품 담기다,개별 봉지 용량 패키지 다양 포장 형태 현미 곤약 볼 제품 연보라색 배경 진열 중 일부
convenience_meals,1001191650,2,이미지에는 다양한 맛의 곤약 젤리 제품이 포장된 모습이 있습니다.,"밝은 보라색 배경 위에 다양한 포장 형태와 분량의 ‘현미 곤약 볼’(한국식 주먹밥의 일종)이 평면 배치된 모습입니다. 이 제품은 여러 가지 맛과 포장 스타일로 제공되며, 작은 봉지, 큰 봉지, 접시에 담긴 개별 분량 등이 포함됩니다.",다양 맛 곤약 젤리 제품 포장 모습,밝다 보라색 배경 다양 포장 형태 분량 현미_곤약_볼 한국식 주먹밥 일종 평면 배치 모습 제품 여러 가지 맛 포장 스타일 제공 작다 봉지 크다 봉지 담기다 개별 분량 포함
convenience_meals,1001207466,1,이미지에는 조리된 닭갈비가 담긴 냄비와 닭갈비 재료가 담긴 포장 상자가 있습니다.,"한국산 즉석 라면 제품인 ‘채련’의 포장 사진이 공개되었는데, 사진 속에는 매콤한 국물에 면, 얇게 썬 소시지, 김치, 콩, 치즈, 채소가 가득 담긴 검은 냄비와 함께 얇게 썬 햄이 담긴 접시, 그리고 미리 포장된 재료가 들어 있는 용기가 함께 나와 있다.",조리 닭 갈비 담기다 냄비 닭갈비 재료 담기다 포장 상자,한국 즉석 라면 제품 채련 포장 공개 속 국물 면 얇다 썰다 소시지 김치 콩 치즈 채소 가득 담기다 검다 냄비 함께 얇다 썰다 햄 담기다 그리고 미리 포장 재료 들다 용기 함께 나오다
convenience_meals,1001207466,2,이미지에는 다양한 재료가 들어간 매콤해 보이는 국물 요리가 담긴 냄비가 있습니다.,"흰색 식탁보 위에 놓인 검은 냄비에는 얇게 썬 소시지, 김치, 면, 파, 콩, 치즈가 들어간 매콤한 붉은 국물이 가득 담겨 있다.",다양 재료 들어가다 보이다 국물 요리 담기다 냄비,흰색 식탁보 검다 냄비 얇다 썰다 소시지 김치 파 콩 치즈 들어가다 붉다 국물 가득 담기다
convenience_meals,1001207695,1,이미지에는 한우수보로주먹밥이 있습니다.,"짙은 회색 접시 위에 짙은 색 속이 들어간 삼각형 모양의 떡 세 개가 담겨 있다. 배경에는 같은 떡이 들어 있는 작은 봉지와 함께, “한우소보로주먹밥”이라는 한국어 문구가 적힌 더 크고 연한 녹색 포장지가 보인다.",우수 보 주먹밥,짙다 회색 짙다 색 속 들어가다 삼각 모양 떡 3개 담기다 배경 같다 떡 들다 작다 봉지 함께 한우소보로주먹밥 한국어 문구 적히다 더 크다 연하다 녹색 포장지 보이다
convenience_meals,1001207695,2,이미지에는 한우리가 만든 한우수보로주먹밥이 있습니다.,"짙은 회색 접시 위에 짙은 색 속이 들어간 하트 모양 떡 한 접시가 담겨 있다. 같은 떡이 들어 있는 포장지가 보이는데, 포장 디자인은 초록색과 검은색으로 되어 있다.",우리 만들다 한우 보 주먹밥,짙다 회색 짙다 색 속 들어가다 하트 모양 떡 담기다 같다 떡 들다 포장지 보이다 포장 디자인 초록색 검은색 되다
convenience_meals,1001401863,1,이미지에는 김치가 들어간 볶음밥이 담긴 그릇이 있습니다.,"밝은 색의 식탁보 위에 선명한 주황색 김치 볶음밥 한 그릇이 놓여 있고, 그 옆에는 나무 숟가락이 놓여 있다. 배경에는 한국어로 된 글자가 적힌 흰색 포장지가 일부 보인다.",김치 들어가다 볶음밥 담기다,밝다 색 식탁보 선명 주황색 김치 볶음 밥 옆 나무 숟가락 배경 한국어 되다 글자 적히다 흰색 포장지 일부 보이다
convenience_meals,1001401863,2,이미지에는 밥과 김치가 섞인 볶음밥이 담긴 흰색 그릇이 있습니다.,"생기 넘치는 주황색 김치 볶음밥이 가득 담긴 흰색 그릇 위에 다진 파가 얹혀 있고, 그 그릇은 밝은 색의 식탁보 위에 놓여 있으며, 그 옆에는 나무 숟가락이 놓여 있다.",밥 김치 섞이다 볶음밥 담기다 흰색,생기 넘치다 주황색 김치 볶음밥 가득 담기다 흰색 다지다 파 얹히다 밝다 색 식탁보 옆 나무 숟가락
convenience_meals,1001422945,1,이미지에는 미미네 엣날떡볶이 한 팩과 그릇에 담긴 떡볶이가 있습니다.,"붉은 소스를 곁들여 튀긴 두부 조각을 얹은 한국식 매운 쌀국수 요리인 김치 떡볶이 한 접시. 이 요리는 금속 접시에 담겨 나오며, 그 아래에는 빨간색과 흰색 포장지에 담긴 재료들이 놓여 있다.",미미네 엣날떡볶이 팩 담기다 떡볶이,붉다 소스 곁들이다 튀기다 두부 조각 얹다 한국식 쌀국수 요리 김치 떡볶이 요리 금속 담기다 나오다 아래 빨간색 흰색 포장지 담기다 재료
convenience_meals,1001422945,2,이미지에는 빨간 소스에 버무려진 떡볶이가 있습니다.,화사한 붉은 소스에 푹 절인 떡이 들어간 매콤한 한국식 떡볶이 한 그릇.,소스 버무리다 떡볶이,붉다 소스 푹 절이다 떡 들어가다 매콤하다 한국식 떡볶이
convenience_meals,1001485256,1,이미지에는 골든콘샌드밥 210g 6개입 상자가 있습니다.,"빨간색과 흰색으로 디자인된 “Kurly Only” 브랜드의 한국산 인스턴트 라면 골판지 상자로, 상자에는 한국어와 영어로 된 제품명과 바코드가 표시되어 있다.",골든콘샌드밥 210g 6개입 상자,빨간색 흰색 디자인 Kurly_Only 브랜드 한국 인스턴트 라면 골판지 상자 상자 한국어 영어 되다 제품명 바코드 표시
convenience_meals,1001485256,2,이미지에는 햇반 연제나향긋한골든퀴쌀밥 6개입 상품이 있습니다.,앞쪽에 흰 밥이 담긴 그릇이 있고 용기 뚜껑이 열린 상태인 “키류 전용” 쌀 한 팩.,햇반 연제 골든 퀴 쌀밥 6개입 상품,앞쪽 희다 밥 담기다 용기 뚜껑 열리다 상태 키류_전용 쌀 팩
convenience_meals,1001502057,1,이미지에는 새우 볶음밥이 담긴 그릇과 작은 그릇에 담긴 반찬이 놓인 식탁이 있습니다.,야채가 들어간 새우 볶음밥 한 그릇이 밝은 색 냅킨 위에 나무 숟가락과 함께 담겨 있다. 배경에는 절인 야채가 담긴 작은 그릇과 이 음식의 포장지가 보인다.,새우 볶음밥 담기다 작다 담기다 반찬 식탁,야채 들어가다 새우 볶음 밥 밝다 색 냅킨 나무 숟가락 함께 담기다 배경 절이다 야채 담기다 작다 음식 포장지 보이다
convenience_meals,1001502057,2,이미지에는 밥 위에 새우와 채소가 올려져 있는 요리가 있습니다.,"새우, 당근, 파가 들어간 볶음밥 한 그릇이 베이지색 그릇에 담겨 있고, 나무 숟가락이 곁들여져 있다.",밥 새우 채소 올리다 요리,새우 당근 파 들어가다 볶음 밥 베이지 색 담기다 나무 숟가락 곁들이다
convenience_meals,1001529704,1,이미지에는 튀긴 치킨이 담긴 접시가 있습니다.,"금빛 갈색으로 노릇하게 튀겨진 빵가루 입힌 치킨 텐더 한 접시가 신선한 파슬리를 곁들여 하얀 식탁보 위에 놓여 있으며, 그 옆에는 크림 소스가 담긴 작은 그릇과 해당 제품의 포장지가 함께 놓여 있다.",튀기다 치킨 담기다,금빛 갈색 노릇하다 튀기다 빵가루 입히다 치킨 텐더 파슬리 곁들이다 식탁보 옆 크림 소스 담기다 작다 해당 제품 포장지 함께
convenience_meals,1001529704,2,이미지에는 튀김옷을 입힌 닭튀김 요리가 담긴 접시가 있습니다.,"밝은 색의 질감이 살아 있는 식탁보 위에는 신선한 파슬리가 곁들여진, 황금빛을 띠고 바삭바삭한 프라이드 치킨 스트립 한 접시가 놓여 있다.",튀김 옷 입히다 닭 튀김 요리 담기다,밝다 색 질감 살다 식탁보 파슬리 곁들이다 황금 빛 띠다 바삭바삭 프라이드 치킨 스트립
convenience_meals,1001706193,1,이미지에는 매콤해 보이는 해산물 요리가 담긴 냄비가 있습니다.,"새우, 오징어, 오크라가 들어간 화사하고 매콤한 해산물 스튜가 담긴 검은 도자기 냄비가 나무 접시 위에 놓여 있으며, 나무 숟가락과 잘게 썬 빨간 고추와 초록 고추가 담긴 작은 그릇이 곁들여져 있다. 배경에는 한국 요리 레시피 책자가 보인다.",보이다 해산물 요리 담기다 냄비,새우 오징어 오크라 들어가다 해산물 스튜 담기다 검다 도자기 냄비 나무 나무 숟가락 잘다 썰다 고추 초록 고추 담기다 작다 곁들이다 배경 한국 요리 레시피 책자 보이다
convenience_meals,1001706193,2,이미지에는 검은색 뚝배기에 담긴 해산물 요리가 있습니다.,"새우, 오징어, 다진 두부가 들어간 선명한 붉은색 국물이 가득 담긴 검은 뚝배기가 나무 쟁반 위에 올려져 있으며, 나무 숟가락과 붉은 고추와 초록 고추를 썰어 담은 작은 그릇이 곁들여져 있다.",검은색 뚝배기 담기다 해산물 요리,새우 오징어 다지다 두부 들어가다 선명 붉은색 국물 가득 담기다 검다 뚝배기 나무 쟁반 올리다 나무 숟가락 붉다 고추 초록 고추 썰다 담다 작다 곁들이다
convenience_meals,1001837821,1,이미지에는 갈색 소스에 조리된 소고기 조각과 으깬 감자가 담긴 흰색 접시가 있습니다.,"진한 소스에 볶아 갈색이 된 쇠고기 깍둑썰기가 가득 담긴 흰색 그릇과, 그 옆에 한 숟가락 가득 담긴 크리미한 으깬 감자가 파란색과 흰색 체크무늬 냅킨 위에 놓여 있다.",갈색 소스 조리 소고기 조각 으깨다 감자 담기다 흰색,진하다 소스 볶다 갈색 되다 쇠고기 깍 둑 썰다 가득 담기다 흰색 옆 숟가락 가득 담기다 크리미 으깨다 감자 파란색 흰색 체크무늬 냅킨
convenience_meals,1001837821,2,이미지에는 갈색 소스에 조리된 소고기 조각과 으깬 감자가 담긴 접시가 있습니다.,"하얀 접시 위에는 진하고 짙은 소스에 푹 익힌 깍둑썰기 소고기 스튜 한 그릇이 담겨 있고, 그 옆에는 크림이 듬뿍 들어간 으깬 감자 한 숟가락이 곁들여져 있다. 이 요리는 파란색과 흰색의 체크무늬 냅킨 위에 담겨 있다.",갈색 소스 조리 소고기 조각 으깨다 감자 담기다,진하다 짙다 소스 푹 익히다 깍 둑 썰다 소고기 스튜 담기다 옆 크림 듬뿍 들어가다 으깨다 감자 숟가락 곁들이다 요리 파란색 흰색 체크무늬 냅킨 담기다
convenience_meals,1001861172,1,이미지에는 두 개의 그릇에 담긴 매운 국물 요리가 있습니다.,"붉은 국물에 잘게 썬 고기, 버섯, 채소가 들어간 매콤한 한국식 국수 두 그릇이, 회색 받침대 위에 장식용 그릇에 담겨 젓가락과 함께 제공됩니다.",2개 담기다 국물 요리,붉다 국물 잘다 썰다 고기 버섯 채소 들어가다 매콤하다 한국식 국수 회색 받침대 장식 담기다 젓가락 함께 제공
convenience_meals,1001861172,2,"이미지에는 붉은 국물에 면과 다양한 채소, 고기가 들어간 음식이 담긴 그릇이 있습니다.","붉은 국물에 면, 얇게 썬 돼지고기, 버섯, 채소가 들어간 매콤한 한국식 라멘 한 그릇으로, 파란색과 흰색 무늬가 있는 그릇에 담겨 있고 젓가락이 곁들여져 있다.",붉다 국물 면 다양 채소 고기 들어가다 음식 담기다,붉다 국물 면 얇다 썰다 돼지고기 버섯 채소 들어가다 매콤하다 한국식 라멘 파란색 흰색 무늬 담기다 젓가락 곁들이다
convenience_meals,1001866269,1,이미지에는 다양한 재료가 담긴 그릇이 있습니다.,"얇게 썬 고기, 버섯, 채소, 우동 면이 들어간 전골 한 그릇과, 소스가 담긴 작은 그릇 두 개가 곁들여져 있다.",다양 재료 담기다,얇다 썰다 고기 버섯 채소 우동 면 들어가다 전골 소스 담기다 작다 2개 곁들이다
convenience_meals,1001866269,2,이미지에는 다양한 재료가 담긴 한국식 전골 요리가 있습니다.,"옅은 색의 식탁 위에, 얇게 썬 고기와 우동, 양배추, 버섯, 잎채소가 들어간 김이 모락모락 피어오르는 훠궈 한 그릇이 놓여 있고, 그 옆에는 양념장이 담긴 작은 그릇 두 개가 곁들여져 있다.",다양 재료 담기다 한국식 전골 요리,옅다 색 식탁 얇다 썰다 고기 우동 양배추 버섯 잎 채소 들어가다 김 모락모락 피어오르다 훠궈 옆 양념장 담기다 작다 2개 곁들이다
convenience_meals,1001929136,1,이미지에는 윤기가 나는 갈색 소스가 뿌려진 튀김 요리가 담긴 접시가 있습니다.,"노릇노릇하고 바삭하게 튀겨진 치킨 조각들이 반짝이는 호박색 소스를 듬뿍 뿌려져 있으며, 연한 베이지색 접시에 담겨 있고 그 옆에는 나무 젓가락 한 쌍이 놓여 있다.",윤기 나다 갈색 소스 뿌리다 튀김 요리 담기다,노릇노릇 바삭 튀기다 치킨 조각 반짝이다 호박 색 소스 듬뿍 뿌리다 연하다 베이지 색 담기다 옆 나무 젓가락 쌍
convenience_meals,1001929136,2,이미지에는 윤기 나는 소스가 뿌려진 튀김 요리가 담긴 접시가 있습니다.,"노릇노릇하고 바삭하게 튀겨진 치킨 조각들이 반짝이는 호박색 소스를 뿌려진 채, 얼룩무늬가 있는 베이지색 접시에 담겨 있고, 그 옆에는 나무 젓가락 한 쌍이 놓여 있다.",윤기 나다 소스 뿌리다 튀김 요리 담기다,노릇노릇 바삭 튀기다 치킨 조각 반짝이다 호박 색 소스 뿌리다 채 얼룩 무늬 베이지 색 담기다 옆 나무 젓가락 쌍
convenience_meals,1001931649,1,이미지에는 튀긴 치킨너겟이 담긴 접시가 있습니다.,"옅은 색의 식탁보 위에, 유산지 위에 올려진 황금빛으로 바삭하게 구워진 치킨 너겟 한 접시가 놓여 있고, 그 옆에는 빨간 케첩이 담긴 작은 그릇과 포크가 곁들여져 있다.",튀기다 치킨너겟 담기다,옅다 색 식탁보 유산지 올리다 황금빛 바삭 치킨 너겟 옆 케첩 담기다 작다 포크 곁들이다
convenience_meals,1001931649,2,이미지에는 종이 위에 놓인 튀긴 치킨 너겟이 담긴 접시가 있습니다.,"황금빛 갈색의 빵가루를 입힌 치킨 너겟 한 접시가 유산지 위에 놓여 있고, 그 옆에는 케첩이 담긴 작은 그릇과 갈색 냅킨 위에 놓인 포크가 곁들여져 있다.",종이 튀기다 치킨 너겟 담기다,황금빛 갈색 빵 가루 입히다 치킨 너겟 유산 지 옆 케첩 담기다 작다 갈색 냅킨 포크 곁들이다
convenience_meals,1001946226,1,이미지에는 밥 위에 시금치나물 반찬이 올려져 있는 모습입니다.,"시금치나 그와 비슷한 잎채소로 양념한 듯한 초록색 밥 한 그릇이 소박한 갈색 그릇에 담겨 나와 있다. 그 옆에는 나무 숟가락과 붉은 고추기름이 담긴 작은 그릇이 놓여 있으며, 배경에는 그 밥이 들어 있던 포장지가 보인다.",밥 시금치 나물 반찬 올리다 모습,시금치 잎 채소 양념 듯 초록색 밥 갈색 담기다 나오다 옆 나무 숟가락 붉다 고추 기름 담기다 작다 배경 밥 들다 포장지 보이다
convenience_meals,1001946226,2,이미지에는 밥 위에 시금치나물 무침이 담긴 접시와 참기름과 깨가 뿌려진 양념장이 놓여 있습니다.,"푸른 잎채소를 섞은 찐밥 한 그릇이, 베이지색 식탁보 위에 놓인 소박한 갈색 그릇에 담겨 있으며, 나무 숟가락과 참기름 소스가 담긴 작은 그릇이 곁들여져 있다.",밥 시금치 나물 무침 담기다 참기름 깨 뿌리다 양념장,잎 채소 섞다 찌다 밥 베이지 색 식탁보 갈색 담기다 나무 숟가락 참기름 소스 담기다 작다 곁들이다
convenience_meals,1002066864,1,이미지에는 빨간색 소스가 묻어 있는 면 요리가 담긴 그릇이 있습니다.,손잡이가 달린 흰색 그릇에 크림색을 띤 노란 면과 얇게 썬 고기가 가득 담겨 빨간 냅킨 위에 놓여 있다. 그 옆의 회색 표면 위에는 검은 젓가락 한 쌍이 놓여 있다.,빨간색 소스 면 요리 담기다,손잡이 달리다 흰색 크림 색 띠다 면 얇다 썰다 고기 가득 담기다 냅킨 옆 회색 표면 검다 젓가락 쌍
convenience_meals,1002066864,2,이미지에는 퓨전 짬뽕&피자라는 이름의 음식이 담긴 그릇이 있습니다.,"크림처럼 부드러운 주황색 파스타가 가득 담긴 흰색 그릇으로, 아마도 퓨전 요리일 것으로 보이며, 닭고기 조각과 진한 소스가 곁들여져 있다. 그릇 안쪽에는 “나눔내용 FUSION JJAMPONG & PIZZA”라는 문구가 적혀 있다.",퓨전 짬뽕 피자 이름 음식 담기다,크림 주황색 파스타 가득 담기다 흰색 아마도 퓨전 요리 보이다 닭고기 조각 진하다 소스 곁들이다 안쪽 나눔내용_FUSION_JJAMPONG_&_PIZZA 문구 적히다
convenience_meals,1002309661,1,이미지에는 빨간 소스에 버무려진 닭고기 요리가 담긴 접시가 있습니다.,"채소와 함께 매콤하고 소스가 듬뿍 들어간 한국식 치킨 한 그릇으로, 금색 그릇에 담겨 나옵니다. 이 요리에는 햄, 버섯, 채소 등 포장된 재료들이 곁들여져 있습니다.",소스 버무리다 닭고기 요리 담기다,채소 함께 매콤하다 소스 듬뿍 들어가다 한국식 치킨 금색 담기다 나오다 요리 햄 버섯 채소 포장 재료 곁들이다
convenience_meals,1002309661,2,이미지에는 빨간 소스에 버무려진 닭고기 요리가 담긴 그릇이 있습니다.,"매콤한 고기와 채소를 볶아 진한 붉은 소스에 버무린 요리로, 얕고 둥근 금속 그릇에 담겨 나온다.",소스 버무리다 닭고기 요리 담기다,고기 채소 볶다 진하다 붉다 소스 버무리다 요리 얕다 둥글다 금속 담기다 나오다
convenience_meals,1002347378,1,이미지에는 접시 위에 놓인 샌드위치와 포장된 샌드위치 제품이 있습니다.,"하얀 타원형 접시 위에는 옅은 회색 바탕 위에 갓 구워낸 샌드위치 네 조각이 얇게 썰려 놓여 있으며, 그 위에는 초록색 허브 스프레드와 녹아내린 치즈가 얹혀 있다. 배경에는 “vecchia e nuova” 빵이 들어 있는 하얀색 포장지가 보인다.",샌드위치 포장 샌드위치 제품,타원 옅다 회색 갓 샌드위치 조각 얇다 썰다 초록색 허브 스프레드 녹아내리다 치즈 얹히다 배경 vecchia_e_nuova 빵 들다 하얀색 포장지 보이다
convenience_meals,1002347378,2,이미지에는 접시 위에 놓인 샌드위치가 있습니다.,"하얀 타원형 접시 위에는 겉면이 노릇노릇하게 구워진 샌드위치 조각 몇 개가 놓여 있는데, 속에는 크림처럼 부드러운 치즈 혼합물과 선명한 초록색 페스토가 듬뿍 발라져 있다. 샌드위치는 삼각형 모양으로 잘려 있어, 속의 재료들이 층층이 쌓인 모습이 드러나 있다.",샌드위치,타원 겉면 노릇노릇 샌드위치 조각 몇개 속 크림 치즈 혼합물 선명 초록색 페스토 듬뿍 바르다 샌드위치 삼각 모양 잘리다 속 재료 층층이 쌓이다 모습 드러나다
convenience_meals,1002361676,1,이미지에는 인도식 커리와 난이 나와 있습니다.,황동 받침대가 달린 구리 냄비에 담긴 진하고 주황빛을 띤 치킨 카레 한 그릇과 갓 구운 플랫브레드가 담긴 바구니가 곁들여져 있다.,인도 식 커리 난 나오다,황동 받침대 달리다 구리 냄비 담기다 진하다 주황 빛 띠다 치킨 카레 갓 플랫브레드가 담기다 바구니 곁들이다
convenience_meals,1002361676,2,이미지에는 인도식 카레 요리가 담긴 냄비가 있습니다.,"황금빛 손잡이가 달린 구리 냄비에 담긴 진하고 주황빛을 띤 치킨 카레 한 그릇과, 그 옆에 곁들여진 플랫브레드 한 바구니.",인도 식 카레 요리 담기다 냄비,황금빛 손잡이 달리다 구리 냄비 담기다 진하다 주황 빛 띠다 치킨 카레 옆 곁들이다 플랫 브레드 바구니
convenience_meals,1002382999,1,"이미지에는 두부, 파, 고기 등이 들어간 국물 요리가 그릇에 담겨 있습니다.","두부, 얇게 썬 파, 고기 조각이 들어간 연한 색의 수프 한 그릇으로, 흰 접시 위에 흰 그릇에 담겨 있고 나무 숟가락이 곁들여져 있다.",두부 파 고기 들어가다 국물 요리 담기다,두부 얇다 썰다 파 고기 조각 들어가다 연하다 색 수프 희다 희다 담기다 나무 숟가락 곁들이다
convenience_meals,1002382999,2,"이미지에는 두부와 고기, 파를 넣은 국물 요리가 담긴 그릇이 있습니다.","흰색 그릇에 담긴 맑은 국물 수프에는 두부 덩어리, 고기 조각, 다진 파가 들어 있으며, 이 흰색 그릇은 흰색 접시 위에 올려져 있다.",두부 고기 파 넣다 국물 요리 담기다,흰색 담기다 맑다 국물 수프 두부 덩어리 고기 조각 다지다 파 들다 흰색 흰색 올리다
fruits_nuts_rice,5003716,1,이미지에는 흰색 천 위에 놓인 노란 바나나 한 다발이 있습니다.,잘 익은 노란 바나나 한 다발이 밝은 색의 표면 위에 놓인 접힌 흰 천 위에 놓여 있다.,흰색 천 바나나 다발,잘 익다 바나나 다발 밝다 색 표면 접히다 희다 천
fruits_nuts_rice,5003716,2,이미지에는 흰색 배경 위에 놓인 바나나 한 다발과 반으로 잘린 바나나 한 개가 있습니다.,"흰색 천 위에 잘 익은 노란 바나나들이 놓여 있고, 그중 하나는 껍질을 벗겨서 그 옆의 밝은 색 바탕 위에 놓여 있다.",흰색 배경 바나나 다발 반 잘리다 바나나 1개,흰색 천 잘 익다 바나나 중 껍질 벗기다 옆 밝다 색
fruits_nuts_rice,5025577,1,이미지에는 나무 도마 위에 놓인 키위 과일들이 있습니다.,"나무 도마 위에는 통째로 된 키위와 썰어 놓은 키위가 몇 개 놓여 있으며, 그중 하나는 반으로 잘려 노란 과육과 검은 씨가 드러나 있다. 도마 앞쪽 식탁 위에는 썰어 놓은 키위 두 조각이 놓여 있다.",나무 도마 키위 과일,나무 도마 통째 되다 키위 썰다 키위 몇개 중 반 잘리다 과육 검다 씨 드러나다 도마 앞쪽 식탁 썰다 키위 조각
fruits_nuts_rice,5025577,2,이미지에는 반으로 잘린 키위 여러 개가 나무 도마 위에 놓여 있습니다.,"나무 도마 위에는 통째로 된 키위와 썰어 놓은 키위가 여러 개 놓여 있으며, 전경에는 반으로 잘린 키위 한 개가 노란 과육과 검은 씨를 드러내고 있다. 키위들은 갈색의 보송보송한 껍질을 가지고 있으며, “Zespri” 스티커가 붙어 있다.",반 잘리다 키 여러개 나무 도마,나무 도마 통째 되다 키위 썰다 키위 여러개 반 잘리다 키위 1개 과육 검다 씨 드러내다 키위 갈색 보송보송 껍질 가지다 Zespri 스티커 붙다
fruits_nuts_rice,5027321,1,이미지에는 흰색 배경 위에 놓인 나무 접시 위에 놓인 붉은색과 노란색으로 익은 복숭아 여덟 개가 있습니다.,"빨간색과 노란색 복숭아로 가득 찬 나무 그릇이, 싱그러운 녹색 잎사귀들이 주위에 흩뿌려진 흰색 천 위에 놓여 있다.",흰색 배경 나무 붉은색 노란색 익다 복숭아 8개,빨간색 노란색 복숭아 가득 차다 나무 녹색 잎사귀 주위 흩뿌리다 흰색 천
fruits_nuts_rice,5027321,2,이미지에는 반질반질한 표면의 복숭아들이 흰색 천 위에 놓여 있습니다.,"붉은색과 노란색 껍질을 가진 잘 익은 복숭아 몇 개가, 물방울에 반짝이며 흰 천 위에 놓여 있고, 주변에는 초록색 잎사귀들이 흩어져 있는 모습의 클로즈업 사진.",반질반질 표면 복숭아 흰색 천,붉은색 노란색 껍질 가지다 잘 익다 복숭아 몇개 물방울 반짝이다 희다 천 주변 초록색 잎사귀 흩어지다 모습 클로즈업
fruits_nuts_rice,5031442,1,"이미지에는 나무 접시 위에 반으로 잘린 바나나가 놓여 있고, 그 옆에는 바나나 껍질이 벗겨진 바나나 한 개가 놓여 있습니다.","연하늘색 바탕 위에 잘 익은 노란 바나나 여러 개가 놓여 있고, 나무 접시 위에는 껍질을 벗긴 바나나 한 개가 놓여 있다. 바나나는 얇게 썰려 있고, 접시 위에는 흰색 포크가 놓여 있으며, 바나나 껍질이 썰린 조각 주위를 감싸고 있다.",나무 반 잘리다 바나나 옆 바나나 껍질 벗겨지다 바나나 1개,하늘색 잘 익다 바나나 여러개 나무 껍질 벗기다 바나나 1개 바나나 얇다 썰다 흰색 포크 바나나 껍질 썰다 조각 주위 감싸다
fruits_nuts_rice,5031442,2,이미지에는 반으로 잘린 바나나가 나무 접시 위에 놓여 있고 포크가 놓여 있는 모습이 있습니다.,"옅은 파란색 바탕 위에 잘 익은 노란 바나나들이 놓여 있고, 그중 하나는 껍질을 벗겨 나무 접시에 얇게 썰어져 있다. 하얀 포크에는 바나나 한 조각이 꽂혀 있고, 껍질은 접시 주위를 감싸고 있다.",반 잘리다 바나나 나무 포크 모습,옅다 파란색 잘 익다 바나나 중 껍질 벗기다 나무 얇다 썰다 포크 바나나 조각 꽂히다 껍질 주위 감싸다
fruits_nuts_rice,5034841,1,이미지에는 흰색 접시에 담긴 귤과 반으로 잘린 귤이 놓여 있습니다.,"밝은 주황색의 작은 귤로 가득 찬 흰색 타원형 그릇이 연회색 바탕 위에 놓여 있는데, 그중 하나는 반으로 잘려 과즙이 흐르는 귤 조각이 드러나 있다. 그릇 옆에는 통째로 된 귤 두 개와 반으로 잘린 귤 하나가 놓여 있다.",흰색 담기다 귤 반 잘리다 귤,밝다 주황색 작다 귤 가득 차다 흰색 타원 회색 중 반 잘리다 과즙 흐르다 귤 조각 드러나다 옆 통째 되다 귤 2개 반 잘리다 귤
fruits_nuts_rice,5034841,2,이미지에는 흰색 접시 위에 놓인 귤들이 있습니다.,"하얀 접시 위에는 싱싱하고 선명한 주황색 귤이 한 무더기 놓여 있는데, 그중 하나는 반으로 잘려 과즙이 가득한 귤 조각이 드러나 있다. 접시 옆 탁자 위에는 귤 두 개가 더 놓여 있는데, 그중 하나도 반으로 잘려 있다.",흰색 귤,선명 주황색 귤 무더기 중 반 잘리다 과즙 가득 귤 조각 드러나다 옆 탁자 귤 2개 더 중 반 잘리다
fruits_nuts_rice,5035954,1,이미지에는 유리 그릇에 담긴 블루베리가 있습니다.,"신선한 블루베리로 가득 찬 투명한 유리 그릇 두 개가 대리석 상판 위에 놓여 있고, 그 주위에는 블루베리 몇 알과 민트 잎이 흩어져 있다.",유리 담기다 블루베리,블루베리 가득 차다 투명 유리 2개 대리석 상판 주위 블루베리 몇 알 민트 잎 흩어지다
fruits_nuts_rice,5035954,2,이미지에는 그릇에 담긴 요거트와 그 옆에 놓인 블루베리가 있습니다.,"흰색 요거트가 담긴 유리 그릇 위에 신선한 블루베리와 민트 한 줄기가 올려져 있고, 그 안에는 숟가락이 놓여 있으며, 이 그릇은 흰색 접시 위에 놓여 있다. 그 옆에는 질감이 느껴지는 회색 표면 위에 블루베리가 더 가득 담긴 투명한 유리 그릇이 놓여 있다.",담기다 요거트 옆 블루베리,흰색 요거트 담기다 유리 블루베리 민트 줄기 올리다 안 숟가락 흰색 옆 질감 느끼다 회색 표면 블루베리 더 가득 담기다 투명 유리
fruits_nuts_rice,5036748,1,이미지에는 키위 과일이 담긴 포장 박스와 접시에 담긴 키위 과일이 있습니다.,"노란색과 녹색 라벨이 붙은 키위 플라스틱 용기로, 라벨에는 썰어 놓은 키위 이미지와 한국어로 된 “제스프리 썬글드키위”라는 문구가 적혀 있다. 이 용기는 흰색 대리석 표면 위에 놓여 있으며, 그 앞의 작은 흰색 접시에는 통키위 두 개와 썰어 놓은 키위 한 조각이 담겨 있다.",키위 과일 담기다 포장 박스 담기다 키위 과일,노란색 녹색 라벨 붙다 키위 플라스틱 용기 라벨 썰다 키위 한국어 되다 제스프리_썬글드키위 문구 적히다 용기 흰색 대리석 표면 앞 작다 흰색 통키위 2개 썰다 키위 조각 담기다
fruits_nuts_rice,5036748,2,이미지에는 포장된 키위 한 팩과 접시에 담긴 키위 세 개가 있습니다.,"흰색 바탕 위에, 얇게 썬 키위 그림이 그려진 노란색과 녹색 라벨이 붙은 제스프리 키프루트(Zespri Kiefruit) 키위 플라스틱 용기가 놓여 있다. 그 옆에는 작은 흰색 접시에 통키위 세 개와 얇게 썬 키위 한 개가 담겨 있는데, 얇게 썬 키위에서는 노란 과육과 검은 씨가 드러나 있다.",포장 키위 팩 담기다 키위 3개,흰색 얇다 썰다 키위 그림 그리다 노란색 녹색 라벨 붙다 제스프리 키프루트 키위 플라스틱 용기 옆 작다 흰색 통키위 3개 얇다 썰다 키위 1개 담기다 얇다 썰다 키위 과육 검다 씨 드러나다
fruits_nuts_rice,5038123,1,이미지에는 접시 위에 놓인 포도송이가 있습니다.,"서리가 내린 짙은 보라색 포도 한 송이가 흰 접시 위에 놓여 있고, 배경의 회색 표위에는 또 다른 송이가 놓여 있다.",포도송이,서리 내리다 짙다 보라색 포도 송이 희다 배경 회색 표 또 송이
fruits_nuts_rice,5038123,2,이미지에는 포도송이가 있고 그 아래에 포도알이 놓여 있습니다.,"짙은 보라색 포도 한 송이가 밝은 회색 바탕 위에 놓여 있고, 전경에는 포도 알갱이 몇 개가 흩어져 있다.",포도 송이 아래 포도 알,짙다 보라색 포도 송이 밝다 회색 전경 포도 알갱이 몇개 흩어지다
fruits_nuts_rice,5045631,1,이미지에는 다양한 견과류가 들어있는 HBAF 6주간의 견과류 제품이 있습니다.,"파란색과 흰색 디자인에 “HBAF”라고 적힌 다채로운 주간 견과류 및 씨앗 간식 상자로, 월요일부터 일요일까지의 주간 일정이 표시되어 있으며, 매일 다른 색상으로 구분된 구역과 혼합 견과류 및 씨앗의 사진이 들어 있습니다. 상자가 열려 있는 모습에서 혼합 견과류와 씨앗이 담긴 작은 그릇과, 내용물 이미지가 그려진 “WED”와 “THU”라고 표시된 개별 스낵 포장지 두 개가 보입니다.",다양 견과 들다 6 주 견과 제품,파란색 흰색 디자인 HBAF 적히다 주간 견과 씨앗 간식 상자 월요일 일요일 주간 일정 표시 매일 색상 구분 구역 혼합 견과 씨앗 들다 상자 열리다 모습 혼합 견과 씨앗 담기다 작다 내용물 그리다 WED THU 표시 개별 스낵 포장지 2개 보이다
fruits_nuts_rice,5045631,2,이미지에는 목요일부터 일요일까지의 날짜가 적힌 6개의 견과류 바가 있습니다.,"HBAF 브랜드의 “Mon to Sun” 스낵 팩을 플랫 레이 방식으로 촬영한 사진으로, 각 팩에는 요일(목, 화, 수)이 표기되어 있으며, 그레이 색상의 표면과 그릇 위에 견과류와 말린 과일이 섞여 담겨 있다.",목요일 일요일 날짜 적히다 6개 견과 바,브랜드 Mon_to_Sun 스낵 팩 플랫 레이 방식 촬영 팩 요일 목 화 표기 그레이 색상 표면 견과 말리다 과일 섞이다 담기다
fruits_nuts_rice,5048547,1,이미지에는 10kg 용량의 여주쌀이 있습니다.,밝은 회색 바탕 위에 용 문양이 그려져 있고 “여주대왕일포”라는 브랜드명이 적힌 붉은색 한국산 쌀 봉지가 보인다. 오른쪽 상단 모서리에는 작은 밥그릇과 흩어진 쌀알들이 보인다.,10kg 용량 여주쌀,밝다 회색 용 문양 그리다 여주대왕일포 브랜드 명 적히다 붉은색 한국 쌀 봉지 보이다 오른쪽 상단 모서리 작다 밥그릇 흩어지다 쌀알 보이다
fruits_nuts_rice,5048547,2,이미지에는 흰 쌀이 담긴 그릇이 있습니다.,"흰 쌀알로 가득 찬 하얀 그릇과, 그 옆의 연회색 표면 위에 흩어져 있는 몇 알의 쌀알.",희다 쌀 담기다,희다 쌀알 가득 차다 옆 회색 표면 흩어지다 몇 알 쌀알
fruits_nuts_rice,5048580,1,이미지에는 초록색 포도송이가 있습니다.,"밝은 회색 바탕 위에 놓인 두 송이의 푸른 포도를 클로즈업한 사진으로, 배경에는 잎사귀 몇 장이 보인다.",초록색 포도송이,밝다 회색 송이 포도 클로즈업 배경 잎사귀 몇 장 보이다
fruits_nuts_rice,5048580,2,이미지에는 녹색 포도 송이가 담긴 흰색 접시가 있습니다.,"하얀 접시 위에는 싱싱한 초록색 포도 두 송이가 놓여 있고, 접시 주변의 연회색 표면에는 포도알 몇 개가 흩어져 있다.",녹색 포도 송이 담기다 흰색,초록색 포도 송이 주변 회색 표면 포도 알 몇개 흩어지다
fruits_nuts_rice,5049631,1,이미지에는 접시 위에 놓인 멜론과 멜론 반쪽이 있습니다.,"둥근 베이지색 접시 위에는 노란 줄무늬가 있는 멜론 세 개와 씨가 가득한 흰색 멜론 조각 다섯 개가 놓여 있으며, 이 모든 것은 흰색 천이 깔린 흰색 나무 받침대 위에 놓여 있다.",멜론 멜론 반쪽,둥글다 베이지 색 줄무늬 멜론 3개 씨 가득 흰색 멜론 조각 5개 흰색 천 깔리다 흰색 나무 받침대
fruits_nuts_rice,5049631,2,이미지에는 접시 위에 놓인 멜론과 멜론의 단면이 있습니다.,"노란 줄무늬가 있는 오이 세 개와 같은 오이를 썰어 놓은 조각 네 개가 밝은 색 접시 위에 놓여 있는데, 썰어 놓은 조각들은 흰 과육과 씨방이 드러나 있다.",멜론 멜론 단면,줄무늬 오이 3개 같다 오이 썰다 조각 4개 밝다 색 썰다 조각 희다 과육 씨방 드러나다
fruits_nuts_rice,5051031,1,이미지에는 고시하리 쌀 4kg 제품이 있습니다.,"“Lgrow”라고 표기된 흰색과 베이지색의 4kg 쌀 봉지에는 벼를 수확하는 농부들의 한국 전통 삽화가 그려져 있으며, “씨아나온 완전미 고시하카리” (Cisanaon Wontim Goshihakari)라는 문구와 “100% 국내산”이라는 인증 마크가 붙어 있다.",고시하리 쌀 4kg 제품,Lgrow 표기 흰색 베이지 색 4kg 쌀 봉지 벼 수확 농부 한국 전통 삽화 그리다 씨아나온_완전미_고시하카리 문구 100%_국내산 인증 마크 붙다
fruits_nuts_rice,5051031,2,이미지에는 손이 그릇에 쌀을 붓고 있는 모습이 있습니다.,한 손이 유리 그릇에 담긴 흰 쌀을 검은 테두리가 있는 흰 에나멜 냄비에 퍼 붓고 있다.,손 쌀 모습,손 유리 담기다 희다 쌀 검다 테두리 희다 에나멜 냄비 푸다
fruits_nuts_rice,5051038,1,이미지에는 10kg 용량의 배진주 쌀이 있습니다.,"“백진주”라고 적힌 파란색 10kg 쌀 포대. 포대에는 흰색 원형 무늬와 조개 껍데기 안에 들어 있는 쌀알의 작은 일러스트가 그려져 있으며, 밝은 회색 바탕 위에 놓여 있고 그 옆에는 작은 밥그릇이 놓여 있다.",10kg 용량 배진주 쌀,백진주 적히다 파란색 10kg 쌀 포대 포대 흰색 원형 무늬 조개 껍데기 안 들다 쌀알 작다 일러스트 그리다 밝다 회색 옆 작다 밥그릇
fruits_nuts_rice,5051038,2,이미지에는 흰 쌀이 담긴 그릇이 있습니다.,흰 쌀알로 가득 찬 하얀 그릇. 연회색 표면 위에는 쌀알 몇 알이 흩어져 있다.,희다 쌀 담기다,희다 쌀알 가득 차다 회색 표면 쌀알 몇 알 흩어지다
fruits_nuts_rice,5052626,1,"이미지에는 견과류가 들어있는 포장 박스가 있고 그 옆에는 'It's Real Seven'이라는 문구가 적힌 포장 봉투가 있습니다. 포장 박스와 포장 봉투에는 아몬드, 호두, 캐슈너트 등의 견과류 그림이 그려져 있고 '20g'이라는 중량 표시가 있습니다. 포장 박스와 포장 봉투는 나무 무늬로 디자인되어 있으며 견과류 이미지와 함께 'It's Real Seven'이라는 문구가 적혀 있습니다. 포장 박스와 포장 봉투는 회색 바탕 위에 놓여 있으며 포장 박스 위에는 견과류가 조금 흩어져 있습니다.",밝은 회색 바탕 위에 나무 상자 하나와 “IT’S REAL SEVEN” 혼합 견과류 개별 포장 두 개가 진열되어 있다.,견과 들다 포장 박스 옆 It's_Real_Seven 문구 적히다 포장 봉투 포장 박스 포장 봉투 아몬드 호두 캐슈너트 견과 그림 그리다 20g 중량 표시 포장 박스 포장 봉투 나무 무늬 디자인 견과 함께 It's_Real_Seven 문구 적히다 포장 박스 포장 봉투 회색 포장 박스 견과 조금 흩어지다,밝다 회색 나무 상자 IT’S_REAL_SEVEN 혼합 견과 개별 포장 2개 진열
fruits_nuts_rice,5052626,2,"이미지에는 아몬드, 호두, 캐슈넛 등 견과류가 들어있는 포장지가 세 개 놓여 있습니다.","견과류와 씨앗이 섞인 “IT’S REAL SEVEN” 스낵바 3개가 연회색 바탕 위에 진열되어 있습니다. 포장지는 흰색 바탕에 금색과 녹색 글씨가 인쇄되어 있으며, 스낵바들이 포장지 주위에 흩어져 있는 모습이 보입니다.",아몬드 호두 캐슈넛 견과 들다 포장지 3개,견과 씨앗 섞이다 IT’S_REAL_SEVEN 스낵 바 3개 회색 진열 포장지 흰색 금색 녹색 글씨 인쇄 스낵 바 포장지 주위 흩어지다 모습 보이다
fruits_nuts_rice,5053663,1,이미지에는 10kg 용량의 보라색 포장 쌀이 있습니다.,"“야채혼배남”(쌀의 한 종류)이라고 적힌 오크라이스(OkRice) 브랜드의 커다란 보라색 쌀 봉지 옆에, 작은 밥그릇과 나무 숟가락이 놓여 있다.",10kg 용량 보라색 포장 쌀,야채혼배남 쌀 종류 적히다 오크라이스 브랜드 보라색 쌀 봉지 옆 작다 밥그릇 나무 숟가락
fruits_nuts_rice,5053663,2,이미지에는 흰 쌀이 담긴 그릇이 있습니다.,흰 쌀밥이 가득 담긴 흰 그릇에 나무 숟가락이 꽂혀 있다.,희다 쌀 담기다,희다 쌀밥 가득 담기다 희다 나무 숟가락 꽂히다
fruits_nuts_rice,5056014,1,이미지에는 나무 도마 위에 놓인 여러 개의 복숭아가 있습니다.,"나무 도마 위에는 신선한 복숭아 몇 개가 놓여 있는데, 그중 일부는 통째로 있고 하나는 반으로 잘려 있으며, 주변에는 잎사귀 몇 장이 흩어져 있다. 도마 위에는 칼 한 자루가 놓여 있다.",나무 도마 여러개 복숭아,나무 도마 복숭아 몇개 중 일부 통째 반 잘리다 주변 잎사귀 몇 장 흩어지다 도마 칼 자루
fruits_nuts_rice,5056014,2,이미지에는 나무 도마 위에 놓인 복숭아들이 있습니다.,"나무 도마 위에는 신선한 복숭아 몇 개가 놓여 있는데, 그중 일부는 통째로 있고, 하나는 반으로 잘려 과즙이 가득한 속이 드러나 있다. 도마 옆에는 칼이 놓여 있고, 주변에는 푸른 잎사귀 몇 장이 흩어져 있다.",나무 도마 복숭아,나무 도마 복숭아 몇개 중 일부 통째 반 잘리다 과즙 가득 속 드러나다 도마 옆 칼 주변 잎사귀 몇 장 흩어지다
fruits_nuts_rice,5061259,1,이미지에는 사과가 담긴 그릇이 있습니다.,"파란 천이 덮인 빨간 사과 한 그릇과, 대리석 조리대 위에 흩어져 있는 사과 몇 개.",사과 담기다,천 덮이다 사과 대리석 조리 대 흩어지다 사과 몇개
fruits_nuts_rice,5061259,2,"이미지에는 사과와 계피, 나무 솔방울이 놓인 모습이 있습니다.","반사되는 흰색 표면 위에 놓인 싱싱한 빨간 사과들의 클로즈업 사진으로, 배경에는 사과가 더 들어 있는 파란색 천 가방이 보인다. 사과 주변에는 나무 붓, 육두구, 스타 아니스가 흩어져 있다.",사과 계피 나무 솔방울 모습,반사 흰색 표면 사과 클로즈업 배경 사과 더 들다 파란색 천 가방 보이다 사과 주변 나무 붓 육두구 스타 아니스 흩어지다
fruits_nuts_rice,5063578,1,이미지에는 나무 테이블 위에 놓인 토마토가 담긴 그릇이 있습니다.,"흰색 나무 상판 위에 싱싱한 붉은 체리 토마토 한 그릇이 놓여 있고, 그 주위에는 토마토 몇 개가 흩어져 있다.",나무 테이블 토마토 담기다,흰색 나무 상판 붉다 체리 토마토 주위 토마토 몇개 흩어지다
fruits_nuts_rice,5063578,2,이미지에는 나무 표면 위에 놓인 방울토마토가 있습니다.,"흰색 나무 받침대 위에 싱싱한 붉은 체리 토마토 한 그릇이 놓여 있고, 그 옆에는 반으로 자른 토마토 두 개와 통째로 남은 토마토 한 개가 놓여 있다.",나무 표면 방울토마토,흰색 나무 받침대 붉다 체리 토마토 옆 반 자르다 토마토 2개 통 남다 토마토 1개
fruits_nuts_rice,5063690,1,이미지에는 흰색 배경 위에 놓인 다섯 개의 방울토마토가 있습니다.,"초록색 줄기가 달린 싱싱한 빨간 토마토가 담긴 바구니가 하얀 나무 받침대 위에 놓여 있고, 토마토 한 개는 바구니 밖으로 나와 있다.",흰색 배경 5개 방울토마토,초록색 줄기 달리다 토마토 담기다 바구니 나무 받침대 토마토 1개 바구니 밖 나오다
fruits_nuts_rice,5063690,2,이미지에는 반으로 잘린 토마토와 토마토가 담긴 바구니가 있습니다.,"신선하고 잘 익은 토마토를 반으로 자르면 과즙이 가득한 속이 드러나며, 그 옆에 토마토 한 조각이 놓여 있다. 흰색 나무 받침대 위에는 통째로 된 토마토 여러 개가 놓여 있고, 그 아래에는 토마토가 더 들어 있는 엮은 바구니와 흰색 천이 깔려 있다.",반 잘리다 토마토 토마토 담기다 바구니,잘 익다 토마토 반 자르다 과즙 가득 속 드러나다 옆 토마토 조각 흰색 나무 받침대 통째 되다 토마토 여러개 아래 토마토 더 들다 엮다 바구니 흰색 천 깔리다
fruits_nuts_rice,5068728,1,이미지에는 흰색 천 위에 놓인 오렌지들이 있습니다.,"흰색 리넨 식탁보 위에 흩뿌려진 싱싱하고 선명한 주황색 귤들이 놓여 있으며, 그중 하나는 반으로 잘려 과즙이 가득한 속이 드러나 있다.",흰색 천 오렌지,흰색 리넨 식탁보 흩뿌리다 선명 주황색 귤 중 반 잘리다 과즙 가득 속 드러나다
fruits_nuts_rice,5068728,2,이미지에는 반으로 잘린 귤과 귤 여러 개가 흰색 천 위에 놓여 있습니다.,"선명하고 밝은 주황색의 갓 딴 귤들이 한 무더기 쌓여 있는데, 그중 일부는 통째로 있고, 하나는 반으로 잘려 과즙이 가득한 귤 알이 드러나 있으며, 이 귤들은 밝은 색의 표면 위에 깔린 흰 천 위에 놓여 있다.",반 잘리다 귤 귤 여러개 흰색 천,선명 밝다 주황색 갓 따다 귤 무더기 쌓이다 중 일부 통째 반 잘리다 과즙 가득 귤 알 드러나다 귤 밝다 색 표면 깔리다 희다 천
fruits_nuts_rice,5070409,1,이미지에는 4kg 쌀이 들어있는 포장지가 있습니다.,4kg짜리 “Our Sweet & Soft Rice” 봉지 한 개와 그 옆에 놓인 작은 밥그릇이 밝은 회색 바탕 위에 함께 놓여 있다.,4kg 쌀 들다 포장지,4kg Our_Sweet_&_Soft_Rice 봉지 1개 옆 작다 밥그릇 밝다 회색 함께
fruits_nuts_rice,5070409,2,이미지에는 흰 쌀이 담긴 그릇이 있습니다.,밝은 회색 배경 위에 흰 쌀알로 가득 찬 하얀 그릇이 놓여 있다.,희다 쌀 담기다,밝다 회색 배경 희다 쌀알 가득 차다
fruits_nuts_rice,5094562,1,이미지에는 타무르 프리미엄 데이츠 디저트 상자가 있습니다.,"‘타무르 프리미엄 대추야자 디저트’의 개방형 우아한 주황색 상자로, 상자 안에는 다양한 종류의 대추야자가 격자 모양으로 정렬되어 있으며, 뚜껑에는 브랜드명과 슬로건이 적혀 있습니다.",타무르 프리미엄 데이츠 디저트 상자,타무르_프리미엄_대추야자_디저트 개방 주황색 상자 상자 안 다양 종류 대추야자 격자 모양 정렬 뚜껑 브랜드 명 슬로건 적히다
fruits_nuts_rice,5094562,2,이미지에는 12개의 호두가 들어간 라즈베리향 바클라바가 담긴 상자가 있습니다.,"각기 다른 토핑이 얹어진 대추야자 12개가 나무 쟁반에 정갈하게 담겨 있는 고급스러운 선물 상자입니다. 상자는 따뜻하고 자연스러운 갈색 소재로 만들어졌으며, 뚜껑에는 “TAMUR가 여러분께 고급스러운 경험을 선사합니다”라는 문구가 적혀 있어 심플하면서도 우아한 디자인을 자랑합니다.",12개 호두 들어가다 라즈베리 향 바클라바 담기다 상자,각기 토핑 얹다 대추 야자 12개 나무 쟁반 담기다 고급 선물 상자 상자 자연 갈색 소재 만들다 뚜껑 TAMUR가_여러분께_고급스러운_경험을_선사합니다 문구 적히다 심플 디자인 자랑
fruits_nuts_rice,5121007,1,이미지에는 유기농 쌀이 포장된 제품이 있습니다.,"초록색 라벨과 한국어 문구가 적힌 유기농 쌀 한 봉지가 밝은 회색 바탕 위에 놓여 있고, 그 위에는 작은 밥그릇이 놓여 있다.",유기농 쌀 포장 제품,초록색 라벨 한국어 문구 적히다 유기농 쌀 봉지 밝다 회색 작다 밥그릇
fruits_nuts_rice,5121007,2,이미지에는 흰 쌀밥이 담긴 흰색 그릇이 있습니다.,밝은 회색 바탕 위에 흰 쌀알이 가득 담긴 하얀 그릇.,희다 쌀밥 담기다 흰색,밝다 회색 희다 쌀알 가득 담기다
fruits_nuts_rice,5132780,1,이미지에는 접시 위에 놓인 키위 과일이 있습니다.,"통키위 6개와 반으로 자른 키위 2개가 담긴 접시로, 녹색 과육과 검은 씨앗이 잘 드러나 있다.",키위 과일,통키위 6개 반 자르다 키 2개 담기다 녹색 과육 검다 씨앗 잘 드러나다
fruits_nuts_rice,5132780,2,이미지에는 테이블 위에 놓인 키위 과일들이 있습니다.,"통째로 6개와 반으로 자른 키위 1개가 담긴 접시로, 갈색의 보송보송한 껍질과 선명한 녹색 과육, 그리고 검은 씨앗이 잘 드러나 있다.",테이블 키위 과일,통째 6개 반 자르다 키 1개 담기다 갈색 보송보송 껍질 선명 녹색 과육 그리고 검다 씨앗 잘 드러나다
fruits_nuts_rice,5134096,1,이미지에는 쌀이 담긴 포장 용기가 있습니다.,"밝은 회색 바탕 위에 10kg짜리 흰색 ‘KF365 컬리 프레시’ 쌀 봉지가 놓여 있고, 그 옆에는 그 쌀을 담은 작은 그릇이 놓여 있다.",쌀 담기다 포장 용기,밝다 회색 10kg 흰색 KF365_컬리_프레시 쌀 봉지 옆 쌀 담다 작다
fruits_nuts_rice,5134096,2,이미지에는 흰 쌀이 담긴 그릇이 있습니다.,"밝은 회색 배경 위에, 흰 쌀알로 가득 찬 흰 그릇이 흰 접시 위에 놓여 있다.",희다 쌀 담기다,밝다 회색 배경 희다 쌀알 가득 차다 희다 희다
fruits_nuts_rice,5159977,1,이미지에는 노란색 천 위에 놓인 복숭아들이 있습니다.,"생기 넘치는 노란색 천 위에, 신선한 복숭아들이 놓여 있는데, 어떤 것은 통째로 있고 어떤 것은 반으로 잘려 과즙이 흐르는 속살이 드러나 있으며, 밝은 회색 바탕 위에 칼과 나뭇잎들이 흩어져 있다.",노란색 천 복숭아,생기 넘치다 노란색 천 복숭아 통째 반 잘리다 과즙 흐르다 속살 드러나다 밝다 회색 칼 나뭇잎 흩어지다
fruits_nuts_rice,5159977,2,이미지에는 껍질이 벗겨진 복숭아와 껍질이 그대로 있는 복숭아 세 개가 있습니다.,"노란 천 위에 놓인 갓 수확한 복숭아 몇 개를 클로즈업한 사진으로, 그중 하나는 반으로 잘려 과즙이 가득한 속살이 드러나 있다. 복숭아에는 노란색과 붉은빛이 감돌며, 주변에는 푸른 잎사귀 몇 장이 흩어져 있다.",껍질 벗겨지다 복숭아 껍질 그대로 복숭아 3개,천 갓 수확 복숭아 몇개 클로즈업 중 반 잘리다 과즙 가득 속살 드러나다 복숭아 노란색 붉다 빛 감돌다 주변 잎사귀 몇 장 흩어지다
fruits_nuts_rice,5162187,1,이미지에는 흰색 바탕 위에 놓인 바구니에 담긴 귤과 귤 반쪽이 있습니다.,"초록빛이 도는 껍질을 가진 싱싱한 주황색 귤 한 바구니가 질감이 느껴지는 흰색 천 위에 놓여 있고, 바구니 앞쪽에는 반으로 잘린 귤 두 개가 놓여 있다.",흰색 바구니 담기다 귤 귤 반쪽,초록 빛 도다 껍질 가지다 주황색 귤 바구니 질감 느끼다 흰색 천 바구니 앞쪽 반 잘리다 귤 2개
fruits_nuts_rice,5162187,2,이미지에는 흰색 배경 위에 놓인 귤과 그릇에 담긴 귤이 있습니다.,"흰 천 위에 놓인, 껍질이 일부는 초록색이고 일부는 주황색인 신선하고 둥근 귤 한 바구니. 그중 하나는 반으로 잘려 있어 과즙이 가득한 귤 조각이 드러나 있다.",흰색 배경 귤 담기다 귤,희다 천 껍질 일부 초록색 일부 주황색 둥글다 귤 바구니 중 반 잘리다 과즙 가득 귤 조각 드러나다
fruits_nuts_rice,1000030900,1,이미지에는 4kg 비단쌀이 포장된 모습이 있습니다.,"“정미소 비단쌀”이라고 적힌 4kg짜리 흰색 쌀 봉지 위에 작은 밥그릇이 놓여 있으며, 이 모든 것이 연회색 바탕 위에 놓여 있다.",4kg 비단 쌀 포장 모습,정미소_비단쌀 적히다 4kg 흰색 쌀 봉지 작다 밥그릇 회색
fruits_nuts_rice,1000030900,2,이미지에는 흰 쌀이 담긴 그릇이 있습니다.,밝은 회색 바탕 위에 흰 쌀알로 가득 찬 하얀 그릇이 놓여 있다.,희다 쌀 담기다,밝다 회색 희다 쌀알 가득 차다
fruits_nuts_rice,1000032485,1,이미지에는 냉동 블루베리 제품이 있습니다.,밝은 배경 위에 냉동 블루베리 한 봉지와 그 위에 같은 블루베리가 담긴 작은 그릇이 놓여 있다.,냉동 블루베리 제품,밝다 배경 냉동 블루베리 봉지 같다 블루베리 담기다 작다
fruits_nuts_rice,1000032485,2,이미지에는 얼어있는 블루베리가 담긴 흰색 그릇이 있습니다.,서리가 내린 듯한 겉면이 덮인 냉동 블루베리로 가득 찬 하얀 그릇이 연회색 표면 위에 놓여 있다.,얼다 블루베리 담기다 흰색,서리 내리다 듯 겉면 덮이다 냉동 블루베리 가득 차다 회색 표면
fruits_nuts_rice,1000048867,1,이미지에는 시월미소미쌀 10kg 제품이 있습니다.,"산 풍경이 그려진 10kg짜리 보라색 쌀 봉지로, 그 위에는 작은 밥그릇이 그려져 있습니다.",시월미소미쌀 10kg 제품,산 풍경 그리다 10kg 보라색 쌀 봉지 작다 밥그릇 그리다
fruits_nuts_rice,1000048867,2,이미지에는 흰 쌀이 담긴 그릇이 있습니다.,"밝은 회색 배경 위에, 흰 쌀알로 가득 찬 흰 그릇이 놓여 있다.",희다 쌀 담기다,밝다 회색 배경 희다 쌀알 가득 차다 희다
fruits_nuts_rice,1000066062,1,이미지에는 투명한 용기에 담긴 다양한 곡물들이 들어 있습니다.,"검은색 뚜껑이 달린 투명한 원통형 용기에는 검은색, 흰색, 갈색 등 다양한 곡물과 씨앗이 섞여 들어 있으며, 흰색 라벨에는 한국어로 된 글자가 적혀 있다.",투명 용기 담기다 다양 곡물 들다,검은색 뚜껑 달리다 투명 원통 용기 검은색 흰색 갈색 다양 곡물 씨앗 섞이다 흰색 라벨 한국어 되다 글자 적히다
fruits_nuts_rice,1000066062,2,이미지에는 여러 종류의 곡물이 담긴 그릇이 있습니다.,"흰쌀, 검은쌀, 현미 등 다양한 종류의 쌀이 섞여 있는 그릇으로, 쌀알들이 자연스러운 상태로 섞인 채로 쌓여 있다.",여러 종류 곡물 담기다,희다 쌀 검다 쌀 현미 다양 종류 쌀 섞이다 쌀알 자연 상태 섞이다 채 쌓이다
fruits_nuts_rice,1000102438,1,이미지에는 검은색 상자에 담긴 붉은색 사과들이 정렬되어 있는 모습입니다.,"검은 상자 안에는 15개의 빨간 사과가 들어 있는데, 각 사과는 작고 예쁜 종이컵에 담겨 3×5 격자 모양으로 배열되어 있다.",검은색 상자 담기다 붉은색 사과 정렬 모습,검다 상자 안 15개 사과 들다 사과 작다 예쁘다 종이컵 담기다 3 5 격자 모양 배열
fruits_nuts_rice,1000102438,2,이미지에는 검은색 상자에 담긴 12개의 붉은 사과가 있습니다.,"검은 상자 안에는 15개의 빨간 사과가 들어 있는데, 각 사과는 작고 흰색의 주름진 종이컵에 담겨 있다.",검은색 상자 담기다 12개 붉다 사과,검다 상자 안 15개 사과 들다 사과 작다 흰색 주름 지다 종이컵 담기다
fruits_nuts_rice,1000118138,1,이미지에는 4kg 용량의 백진주 쌀 패키지가 있습니다.,“백진주”라고 적힌 Lgrow 브랜드의 파란색 쌀 봉지(4kg)가 연회색 바탕 위에 놓여 있다. 봉지 위쪽에는 작은 그릇에 담긴 밥이 보인다.,4kg 용량 백진주 쌀 패키지,백진주 적히다 브랜드 파란색 쌀 봉지 4kg 가 회색 봉지 위쪽 작다 담기다 밥 보이다
fruits_nuts_rice,1000118138,2,이미지에는 흰 쌀이 담긴 그릇이 있습니다.,반점 무늬가 있는 밝은 색의 도자기 그릇에 하얀 쌀알들이 가지런히 담겨 있다.,희다 쌀 담기다,반점 무늬 밝다 색 도자기 쌀알 가지런히 담기다
fruits_nuts_rice,1000122762,1,이미지에는 빨간 사과와 사과가 담긴 포장지가 있습니다.,"흰색 질감의 천 위에 몇 개의 빨간 사과가 놓여 있는 정물 사진이다. 사과 중 일부는 통째로 있고, 일부는 반으로 잘려 있다. 사과 두 개는 빨간색 밀봉 스티커가 붙은 투명한 비닐봉지에 들어 있으며, 포장지에는 한국어 문구가 적혀 있다. 사과 한 개는 반으로 잘려 있어 연한 노란색 과육과 씨앗이 드러나 있다.",사과 사과 담기다 포장지,흰색 질감 천 몇개 사과 정물 다 사과 중 일부 통째 일부 반 잘리다 사과 2개 빨간색 밀봉 스티커 붙다 투명 비닐 봉지 들다 포장지 한국어 문구 적히다 사과 1개 반 잘리다 연하다 노란색 과육 씨앗 드러나다
fruits_nuts_rice,1000122762,2,이미지에는 반으로 잘린 붉은 사과와 포장된 사과가 놓인 모습입니다.,"흰색 천 위에 놓인 여러 개의 빨간 사과를 클로즈업한 사진이다. 사과 중 일부는 통째로 있고, 두 개는 반으로 잘려 연한 노란색 과육과 씨앗이 드러나 있다. 사과 한 개는 빨간색 밀봉 스티커가 붙은 투명한 비닐봉지에 들어 있다.",반 잘리다 붉다 사과 포장 사과 모습,흰색 천 여러개 사과 클로즈업 다 사과 중 일부 통째 2개 반 잘리다 연하다 노란색 과육 씨앗 드러나다 사과 1개 빨간색 밀봉 스티커 붙다 투명 비닐 봉지 들다
fruits_nuts_rice,1000144509,1,이미지에는 쌀이 들어있는 포장 봉지가 있습니다.,"KF365 컬리 프레시 쌀 4kg 한 봉지와, 밝은 회색 바탕 위에 그 옆에 작은 밥그릇이 놓여 있다.",쌀 들다 포장 봉지,365 컬리 프레시 쌀 4kg 봉지 밝다 회색 옆 작다 밥그릇
fruits_nuts_rice,1000144509,2,이미지에는 흰 쌀이 담긴 그릇이 있습니다.,밝은 회색 바탕 위에 흰 쌀알이 가득 담긴 하얀 그릇.,희다 쌀 담기다,밝다 회색 희다 쌀알 가득 담기다
fruits_nuts_rice,1000253378,1,이미지에는 녹색 접시에 담긴 냉동 블루베리와 숟가락이 있습니다.,"연두색 접시 위에 냉동 블루베리가 가득 담겨 있고, 그 위에 은색 숟가락 하나가 놓여 있다. 베리들은 짙은 파란색에 서리가 내린 듯한 겉면이 돋보이며, 접시는 연회색 바탕 위에 놓여 있다.",녹색 담기다 냉동 블루베리 숟가락,연두색 냉동 블루베리 가득 담기다 은색 숟가락 베리 짙다 파란색 서리 내리다 듯 겉면 돋보이다 회색
fruits_nuts_rice,1000253378,2,이미지에는 얼음이 묻어 있는 블루베리가 담긴 접시가 있습니다.,"얼린 블루베리가 가득 담긴 연한 녹색 접시의 클로즈업 사진으로, 전경에는 블루베리 몇 알을 얹은 은색 숟가락이 놓여 있다.",얼음 블루베리 담기다,얼리다 블루베리 가득 담기다 연하다 녹색 클로즈업 전경 블루베리 몇 알 얹다 은색 숟가락
fruits_nuts_rice,1000338204,1,이미지에는 냉동 블루베리 1kg 제품이 있습니다.,밝은 회색 바탕 위에 냉동 블루베리 한 봉지와 그 위에 신선한 블루베리 한 그릇이 놓여 있다.,냉동 블루베리 1kg 제품,밝다 회색 냉동 블루베리 봉지 블루베리
fruits_nuts_rice,1000338204,2,이미지에는 흰색 그릇에 담긴 건조된 블루베리가 있습니다.,얼린 블루베리로 가득 찬 흰색 그릇. 블루베리의 짙은 보라색과 차가운 질감이 돋보인다.,흰색 담기다 건조 블루베리,얼리다 블루베리 가득 차다 흰색 블루베리 짙다 보라색 질감 돋보이다
fruits_nuts_rice,1000763360,1,이미지에는 연두색 포도송이가 놓인 접시가 있습니다.,"밝은 파란색 접시 위에 싱싱한 초록색 포도 한 송이가 놓여 있고, 그 옆의 밝은 회색 바탕 위에는 반으로 잘린 포도 두 조각이 놓여 있다.",연두색 포도송이,밝다 파란색 초록색 포도 송이 옆 밝다 회색 반 잘리다 포도 조각
fruits_nuts_rice,1000763360,2,이미지에는 초록색 포도송이가 있습니다.,"흰 접시 위에 갓 따온 듯한 싱그러운 초록색 포도 한 송이가 놓여 있으며, 그중 몇 알은 반으로 잘려 있다. 포도는 윤기가 나고 즙이 가득해 보이며, 표면에는 물방울 몇 방울이 맺혀 있다.",초록색 포도송이,희다 갓 따오다 듯 초록색 포도 송이 중 몇 알 반 잘리다 포도 윤기 나다 즙 가득 보이다 표면 물방울 몇 방울 맺히다
fruits_nuts_rice,1000858612,1,이미지에는 포장된 파인애플과 그릇에 담긴 파인애플 조각이 있습니다.,"“KF365 KOREA FRESH”라고 적힌 라벨이 붙은, 파인애플 조각 몇 개가 들어 있는 플라스틱 용기가 회색 바탕 위에 놓여 있다. 그 앞에는 흰색 접시 위에 파인애플 조각 두 개가 담겨 있다.",포장 파인애플 담기다 파인애플 조각,KF365_KOREA_FRESH 적히다 라벨 붙다 파인애플 조각 몇개 들다 플라스틱 용기 회색 앞 흰색 파인애플 조각 2개 담기다
fruits_nuts_rice,1000858612,2,이미지에는 흰색 접시 위에 놓인 세 조각의 파인애플이 있습니다.,흰 접시 위에 파인애플 조각 세 개가 놓여 있다.,흰색 조각 파인애플,희다 파인애플 조각 3개
fruits_nuts_rice,1000867509,1,이미지에는 7인분 양의 쌀이 들어있는 4kg 쌀 패키지가 있습니다.,"“7일향미”라고 적힌 4kg짜리 쌀 한 포대가 연한 녹색 바탕 위에 놓여 있고, 그 옆에는 작은 그릇에 담긴 밥 한 그릇과 밀 이삭 한 개가 놓여 있다.",7 인 양 쌀 들다 4kg 쌀 패키지,7일향미 적히다 4kg 쌀 포대 연하다 녹색 옆 작다 담기다 밥 밀 이삭 1개
fruits_nuts_rice,1000867509,2,이미지에는 4kg 쌀이 포장된 제품이 있습니다.,"“7일향미”라고 적힌 4kg짜리 흰 쌀 봉지가 연한 녹색 바탕 위에 놓여 있으며, 그 옆에는 쌀알과 벼 이삭 몇 개가 담긴 작은 그릇이 있다. 왼쪽에는 흰 천이 놓여 있다.",4kg 쌀 포장 제품,7일향미 적히다 4kg 희다 쌀 봉지 연하다 녹색 옆 쌀알 벼 이삭 몇개 담기다 작다 왼쪽 희다 천
fruits_nuts_rice,1000867511,1,이미지에는 8kg 용량의 쌀이 포장된 제품이 있습니다.,"쌀알 그림이 작게 그려진 “7일향미”라고 적힌 8kg짜리 흰색 쌀 봉지가, 볏이 한 줄기와 밥 한 그릇이 옆에 놓인 연한 녹색 바탕 위에 놓여 있다.",8kg 용량 쌀 포장 제품,쌀알 그림 작다 그리다 7일향미 적히다 8kg 흰색 쌀 봉지 비다 줄기 밥 옆 연하다 녹색
fruits_nuts_rice,1000867511,2,이미지에는 8kg 쌀이 포장된 제품이 있습니다.,"“7일향미”라고 적힌 8kg짜리 쌀 한 포대가 연한 녹색 바탕 위에 놓여 있으며, 그 옆에는 작은 그릇에 담긴 밥과 말린 벼줄기가 함께 놓여 있다. 포장은 흰색 바탕에 한국어 문구가 적힌 미니멀한 디자인이다.",8kg 쌀 포장 제품,7일향미 적히다 8kg 쌀 포대 연하다 녹색 옆 작다 담기다 밥 말리다 벼 줄기 함께 포장 흰색 한국어 문구 적히다 미니멀 디자인
fruits_nuts_rice,1000908371,1,이미지에는 갈색 골판지 상자에 담긴 빨간 사과와 그 옆에 놓인 천 위에 놓인 사과 조각들이 있습니다.,"밝은 색의 천 위에 빨간 사과 한 상자가 놓여 있고, 그 주위에는 통사과와 썰어 놓은 사과 몇 개가 흩어져 있어, 선명한 붉은 껍질과 아삭아삭한 하얀 과육을 뽐내고 있다.",갈색 골판지 상자 담기다 사과 옆 천 사과 조각,밝다 색 천 사과 상자 주위 통 사과 썰다 사과 몇개 흩어지다 선명 붉다 껍질 아삭아삭 과육 뽐내다
fruits_nuts_rice,1000908371,2,이미지에는 적갈색의 사과가 여러 개 있으며 그중 일부는 반으로 잘려져 있고 갈색 종이 상자 위에 놓여 있습니다.,"붉은 사과 여러 개를 클로즈업한 사진으로, 일부는 통째로 있고 하나는 반으로 잘려 있으며, 그 중 두 조각이 베이지색 천 위에 놓여 있다. 배경에는 골판지 상자가 일부 보인다.",적갈색 사과 여러개 중 일부 반 잘리다 갈색 종이 상자,붉다 사과 여러개 클로즈업 일부 통째 반 잘리다 중 조각 베이지 색 천 배경 골판지 상자 일부 보이다
fruits_nuts_rice,1000973922,1,이미지에는 견과류가 담긴 그릇과 견과류 가공식품이 담긴 패키지가 있는 모습입니다.,"밝은 회색 바탕 위에 흰색 상자와 KF365 Kurly Fresh 혼합 견과류 소포장이 놓여 있으며, 상자 앞쪽에는 견과류가 담긴 작은 흰색 접시가 놓여 있습니다.",견과 담기다 견과 가공 식품 담기다 패키지 모습,밝다 회색 흰색 상자 365 혼합 견과 소 포장 상자 앞쪽 견과 담기다 작다 흰색
fruits_nuts_rice,1000973922,2,이미지에는 견과류가 담긴 그릇과 견과류 패키지가 놓여 있습니다.,"아몬드, 캐슈넛, 호두, 피칸 등 다양한 견과류가 섞여 담긴 흰색 그릇이, 한국어로 “KF365 KURLY FRESH”라고 적힌 흰색 포장지 옆의 회색 표면 위에 놓여 있다.",견과 담기다 견과 패키지,아몬드 캐슈넛 호두 피칸 다양 견과 섞이다 담기다 흰색 한국어 KF365_KURLY_FRESH 적히다 흰색 포장지 옆 회색 표면
fruits_nuts_rice,1001234463,1,이미지에는 파란색 그릇에 담긴 방울토마토와 바닥에 놓인 방울토마토 세 개가 있습니다.,"밝은 파란색 그릇에 선명한 빨간색의 타원형 방울토마토가 가득 담겨 있고, 밝은 회색 표면 위에는 몇 개가 흩어져 있다.",파란색 담기다 방울토마토 바닥 방울토마토 3개,밝다 파란색 선명 빨간색 타원 방울 토마토 가득 담기다 밝다 회색 표면 몇개 흩어지다
fruits_nuts_rice,1001234463,2,이미지에는 파란색 그릇에 담긴 방울토마토가 있습니다.,"밝은 파란색 그릇에 싱싱한 붉은 체리 토마토가 가득 담겨 있고, 밝은 색의 표면 위에는 몇 개가 흩어져 있다.",파란색 담기다 방울토마토,밝다 파란색 붉다 체리 토마토 가득 담기다 밝다 색 표면 몇개 흩어지다
fruits_nuts_rice,1001303421,1,이미지에는 반으로 잘린 사과와 온전한 사과 세 개가 있습니다.,"노란빛이 감도는 붉은 사과 네 개가 밝은 색의 천 위에 놓여 있는데, 그중 두 개는 반으로 잘려 연한 노란색 과육과 씨앗이 드러나 있다.",반 잘리다 사과 사과 3개,빛 감돌다 붉다 사과 4개 밝다 색 천 중 2개 반 잘리다 연하다 노란색 과육 씨앗 드러나다
fruits_nuts_rice,1001303421,2,이미지에는 껍질이 붉은 색인 사과 다섯 개가 있습니다.,"노란빛 반점이 흩뿌려진 빨간 사과들이 한 무더기로 놓여 있는데, 그중 일부는 통째로 있고 두 개는 반으로 잘려 연한 노란색 과육과 씨앗이 드러나 있으며, 이 사과들은 밝은 색의 질감이 느껴지는 천 위에 놓여 있다.",껍질 붉다 색 사과 5개,빛 반점 흩뿌리다 사과 무더기 중 일부 통째 2개 반 잘리다 연하다 노란색 과육 씨앗 드러나다 사과 밝다 색 질감 느끼다 천
fruits_nuts_rice,1001502284,1,이미지에는 흰 천 위에 놓인 붉은 체리 여러 개가 있습니다.,"중성적인 회색 배경을 배경으로, 주름진 흰 천 위에 녹색 줄기가 달린 싱싱하고 짙은 빨간색 체리가 한 무더기 놓여 있다.",희다 천 붉다 체리 여러개,중성 회색 배경 배경 주름 지다 희다 천 녹색 줄기 달리다 짙다 빨간색 체리 무더기
fruits_nuts_rice,1001502284,2,이미지에는 젖은 체리 여러 개가 흰색 천 위에 놓여 있습니다.,"회색 바탕 위에 흰 천을 깔고, 그 위에 녹색 줄기와 물방울이 맺힌 싱싱한 붉은 체리가 한 무더기 놓여 있다.",젖다 체리 여러개 흰색 천,회색 희다 천 깔다 녹색 줄기 물방울 맺히다 붉다 체리 무더기
fruits_nuts_rice,1001729429,1,이미지에는 10kg 용량의 쌀이 들어 있는 포장지가 있습니다.,"“고시혜카리”(Gosihye Karil)라고 적힌 10kg짜리 백미 봉지로, 금색 “특” 마크가 붙어 있으며, 한국어 문구와 그 옆에 작은 밥그릇이 그려져 있다.",10kg 용량 쌀 들다 포장지,고시혜카리 적히다 10kg 백미 봉지 금색 특 마크 붙다 한국어 문구 옆 작다 밥그릇 그리다
fruits_nuts_rice,1001729429,2,이미지에는 흰 쌀이 담긴 그릇이 있습니다.,"흰 쌀밥이 가득 담긴 흰 그릇과, 그 옆의 흰 천 위에 흩어져 있는 몇 알의 쌀알.",희다 쌀 담기다,희다 쌀밥 가득 담기다 희다 옆 희다 천 흩어지다 몇 알 쌀알
fruits_nuts_rice,1001882653,1,이미지에는 흰색 접시 위에 놓인 여러 개의 사과가 있습니다.,"하얀 타원형 그릇에는 빨간색과 노란색 사과 몇 개가 담겨 있고, 그중 하나는 반으로 잘려 있으며, 두 조각은 그릇 옆의 회색 표면 위에 놓여 있다.",흰색 여러개 사과,타원 빨간색 노란색 사과 몇개 담기다 중 반 잘리다 조각 옆 회색 표면
fruits_nuts_rice,1001882653,2,이미지에는 흰색 접시 위에 놓인 여러 개의 사과가 있습니다.,"하얀 타원형 접시 위에는 빨간색과 노란색 사과 몇 개가 놓여 있는데, 그중 하나는 반으로 잘려 과즙이 흐르는 속이 드러나 있다. 접시 옆의 회색 표면 위에는 사과 조각 두 개가 놓여 있다.",흰색 여러개 사과,타원 빨간색 노란색 사과 몇개 중 반 잘리다 과즙 흐르다 속 드러나다 옆 회색 표면 사과 조각 2개
fruits_nuts_rice,1002140343,1,이미지에는 세 개의 아보카도가 있는 접시가 있습니다.,"파란색 테두리가 있는 흰색 타원형 접시 위에 아보카도 세 개가 놓여 있고, 접시 옆의 연회색 표면 위에는 반으로 잘린 아보카도 두 조각이 놓여 있다.",3개 아보카도,파란색 테두리 흰색 타원 아보카도 3개 옆 회색 표면 반 잘리다 아보카도 조각
fruits_nuts_rice,1002140343,2,이미지에는 반으로 잘린 아보카도 세 개가 놓인 접시가 있습니다.,"파란 테두리가 있는 흰 접시 위에는 통 아보카도 하나, 씨를 드러낸 반으로 자른 아보카도 하나, 그리고 으깬 아보카도 한 숟가락이 담겨 있다.",반 잘리다 아보카도 3개,테두리 희다 통 아보카도 씨 드러내다 반 자르다 아보카도 그리고 으깨다 아보카도 숟가락 담기다
vegetables,5000070,1,이미지에는 세 개의 당근이 회색 접시 위에 놓여 있습니다.,"흙내음이 나고 껍질이 약간 거친 당근 세 개가 짙은 회색 접시 위에 놓여 있으며, 그 뒤로는 밝은 회색의 질감이 느껴지는 배경이 펼쳐져 있다.",3개 당근 회색,흙 내음 나다 껍질 약간 거칠다 당근 3개 짙다 회색 뒤 밝다 회색 질감 느끼다 배경 펼쳐지다
vegetables,5000070,2,이미지에는 껍질이 벗겨진 당근과 껍질이 그대로 있는 당근이 있습니다.,"회색 접시 위에 놓인 갓 딴 당근 몇 개를 클로즈업한 사진으로, 그중 하나는 반으로 잘려 있어 선명한 주황색 속살이 드러나 있다.",껍질 벗겨지다 당근 껍질 그대로 당근,회색 갓 당근 몇개 클로즈업 중 반 잘리다 선명 주황색 속살 드러나다
vegetables,5000333,1,이미지에는 흰색 접시 위에 놓인 두 개의 오이가 있습니다.,작은 돌기가 있는 싱싱하고 푸른 오이 두 개가 밝은 회색 배경 위에 놓인 흰색 타원형 접시 위에 놓여 있다.,흰색 2개 오이,작다 돌기 오이 2개 밝다 회색 배경 흰색 타원
vegetables,5000333,2,이미지에는 도마 위에 놓인 오이들이 있습니다.,"나무 도마 위에는 오이 두 개가 놓여 있는데, 하나는 통째로 있고 다른 하나는 썰려 있다. 썰린 오이에서는 연한 녹색의 과육과 씨앗이 드러나 있다.",도마 오이,나무 도마 오이 2개 통째 썰다 썰린 오이 연하다 녹색 과육 씨앗 드러나다
vegetables,5000718,1,이미지에는 신선한 시금치 잎이 담긴 금속 바구니와 마늘 몇 쪽이 놓여 있습니다.,"신선한 시금치 잎으로 가득 찬 철망 바구니가 있고, 회색 표면 위에는 잎 몇 장이 흩어져 있다. 바구니 옆에는 마늘 쪽이 들어 있는 작은 검은 냄비가 놓여 있으며, 그 근처에는 짙은 색 천이 덮여 있다.",시금치 잎 담기다 금속 바구니 마늘 몇 쪽,시금치 잎 가득 차다 철망 바구니 회색 표면 잎 몇 장 흩어지다 바구니 옆 마늘 쪽 들다 작다 검다 냄비 근처 짙다 색 천 덮이다
vegetables,5000718,2,이미지에는 신선한 시금치와 마늘 몇 쪽이 놓인 바구니가 있습니다.,"신선한 시금치 잎으로 가득 찬 철망 바구니와, 그 주위에 마늘 몇 쪽이 흩어져 있으며, 어두운 천 위에 마늘이 더 담긴 작은 냄비가 놓여 있다.",시금치 마늘 몇 쪽 바구니,시금치 잎 가득 차다 철망 바구니 주위 마늘 몇 쪽 흩어지다 천 마늘 더 담기다 작다 냄비
vegetables,5001063,1,이미지에는 접시 위에 놓인 브로콜리 한 개가 있습니다.,"단순한 흰색 접시 위에 브로콜리 한 송이가 놓여 있으며, 배경은 텅 빈 흰색이다.",브로콜리 1개,단순 흰색 브로콜리 송이 배경 텅 비다 흰색
vegetables,5001063,2,이미지에는 접시 위에 놓인 큰 브로콜리 한 개와 그 주변에 잘린 브로콜리 조각 세 개가 놓여 있는 모습입니다.,"신선하고 생기 넘치는 녹색 브로콜리 꽃송이 하나가 심플한 흰색 접시 위에 놓여 있고, 그 옆의 밝은 색 바탕 위에는 두 개의 작은 꽃송이가 놓여 있다.",크다 브로콜리 1개 주변 잘리다 브로콜리 조각 3개 모습,생기 넘치다 녹색 브로콜리 꽃송이 심플 흰색 옆 밝다 색 2개 작다 꽃송이
vegetables,5026448,1,이미지에는 흰색 그릇에 담긴 갈색의 감자 여섯 개가 있습니다.,"중성적인 회색 바탕 위에, 작고 연한 갈색의 감자 몇 개가 담긴 흰색 그릇.",흰색 담기다 갈색 감자 6개,중성 회색 작다 연하다 갈색 감자 몇개 담기다 흰색
vegetables,5026448,2,이미지에는 껍질이 벗겨진 감자 반쪽과 껍질이 그대로인 감자 여러 개가 놓인 모습이 있습니다.,갈색 감자로 가득 찬 하얀 그릇. 그중 하나는 반으로 잘려 있어 창백하고 크림색을 띤 속살이 드러나 있다. 또 다른 잘라 놓은 감자 한 조각이 그릇 옆의 회색 조리대 위에 놓여 있다.,껍질 벗겨지다 감자 반쪽 껍질 그대로 감자 여러개 모습,갈색 감자 가득 차다 중 반 잘리다 크림 색 띠다 속살 드러나다 또 자르다 감자 조각 옆 회색 조리 대
vegetables,5026449,1,이미지에는 녹색 접시 위에 놓인 고구마들이 있습니다.,고구마 몇 개가 담긴 접시. 그중 하나는 반으로 잘려 있어 선명한 주황색 속살이 드러나 있다.,녹색 고구마,고구마 몇개 담기다 중 반 잘리다 선명 주황색 속살 드러나다
vegetables,5026449,2,이미지에는 흰색 그릇에 담긴 고구마들이 있습니다.,"하얀 그릇에는 고구마가 몇 개 들어 있는데, 그중 일부는 통째로 있고, 두 개는 반으로 잘려서 주황색 속살이 드러나 있다.",흰색 담기다 고구마,고구마 몇개 들다 중 일부 통째 2개 반 잘리다 서다 주황색 속살 드러나다
vegetables,5026450,1,이미지에는 구운 고구마가 담긴 접시가 있습니다.,"구운 고구마 한 접시. 일부는 통째로 있고, 하나는 반으로 갈라져 황금빛의 폭신폭신한 속살이 드러나 있다.",고구마 담기다,고구마 일부 통째 반 갈라지다 황금빛 폭신폭신 속살 드러나다
vegetables,5026450,2,이미지에는 반으로 잘린 고구마 여섯 개가 흰색 그릇에 담겨 있습니다.,"하얀 그릇에는 보라색 고구마가 몇 개 담겨 있는데, 그중 두 개는 반으로 잘려 연노란색 속살이 드러나 있다.",반 잘리다 고구마 6개 흰색 담기다,보라색 고구마 몇개 담기다 중 2개 반 잘리다 노란색 속살 드러나다
vegetables,5026451,1,이미지에는 주황색 양파가 비닐망에 담겨 있습니다.,앞면에 보라색과 흰색 라벨이 붙은 신선한 주황색 양파 한 봉지가 연회색 바탕 위에 놓여 있다.,주황색 양파 비닐 망 담기다,앞면 보라색 흰색 라벨 붙다 주황색 양파 봉지 회색
vegetables,5026451,2,이미지에는 주황색 양파 한 다발과 그 옆에 놓인 양파 한 개가 있습니다.,"밝은 회색 바탕 위에 붉은 양파가 든 봉지가 놓여 있고, 양파 한 개는 봉지 밖으로 나와 있다. 양파들은 빨간색과 흰색 라벨이 붙은 망사 봉지에 담겨 있다.",주황색 양파 다발 옆 양파 1개,밝다 회색 붉다 양파 들다 봉지 양파 1개 봉지 밖 나오다 파 빨간색 흰색 라벨 붙다 망사 봉지 담기다
vegetables,5027318,1,이미지에는 나무 그릇에 담긴 마늘이 있습니다.,껍질을 벗긴 마늘 쪽이 가득 담긴 나무 그릇이 연회색 표면 위에 놓여 있다.,나무 담기다 마늘,껍질 벗기다 마늘 쪽 가득 담기다 나무 회색 표면
vegetables,5027318,2,이미지에는 껍질을 벗긴 마늘이 놓인 나무 그릇이 있습니다.,"껍질을 벗긴 마늘 쪽이 가득 담긴 나무 그릇이 연회색 표면 위에 놓여 있고, 그 주위에는 마늘 쪽 몇 개가 흩어져 있다.",껍질 벗기다 마늘 나무,껍질 벗기다 마늘 쪽 가득 담기다 나무 회색 표면 주위 마늘 쪽 몇개 흩어지다
vegetables,5027319,1,이미지에는 접시 위에 놓인 배추 한 개가 있습니다.,"옅은 노란색 잎을 가진 통배추 한 통이, 밝은 회색 배경을 배경으로 흰색 타원형 접시 위에 놓여 있다.",배추 1개,옅다 노란색 잎 가지다 통배추 통 밝다 회색 배경 배경 흰색 타원
vegetables,5027319,2,이미지에는 반으로 잘린 배추 두 조각이 있습니다.,"밝은 회색 바탕 위에 싱싱한 연노란색 양배추 두 쪽이 놓여 있으며, 겹겹이 빽빽하게 얹힌 잎사귀가 돋보입니다.",반 잘리다 배추 조각,밝다 회색 노란색 양배추 쪽 겹겹이 얹히다 잎사귀 돋보이다
vegetables,5027320,1,이미지에는 플라스틱 포장지에 담긴 파가 있습니다.,"“I AM GROUND”라는 문구가 인쇄된 신선한 리크 한 봉지가, 몇 개의 통째로 된 리크 옆의 회색 바탕 위에 놓여 있다.",플라스틱 포장지 담기다 파,I_AM_GROUND 문구 인쇄 리크 봉지 몇개 통째 되다 리크 옆 회색
vegetables,5027320,2,이미지에는 포장된 파가 있습니다.,"“I AM GROUND”라는 문구가 인쇄된 신선한 리크 한 봉지와, 회색 바탕 위에 반으로 잘린 리크 몇 개가 놓여 있다.",포장 파,I_AM_GROUND 문구 인쇄 리크 봉지 회색 반 잘리다 리크 몇개
vegetables,5030557,1,이미지에는 노란색과 빨간색의 피망 두 개가 나란히 놓여 있습니다.,"노란색과 빨간색 피망 두 개가 흰색 바탕 위에 놓여 있으며, 그 뒤로는 은은한 그림자가 드리워져 있다.",노란색 빨간색 피망 2개 나란히,노란색 빨간색 피망 2개 흰색 뒤 그림자 드리우다
vegetables,5030557,2,"이미지에는 왼쪽에 노란색 벨 페퍼, 오른쪽에 빨간색 벨 페퍼가 있습니다.",노란색과 빨간색 피망 두 개가 하얀 바탕 위에 나란히 놓여 있다.,왼쪽 노란색 페퍼 오른쪽 빨간색 페퍼,노란색 빨간색 피망 2개 나란히
vegetables,5030559,1,이미지에는 녹색의 긴 오이가 흰색 천 위에 놓여 있습니다.,"두껍고 매끄러운 껍질을 가진 길쭉한 녹색 주키니가, 질감이 느껴지는 밝은 색상의 천 배경 위에 펼쳐진 흰색 천 위에 놓여 있다.",녹색 길다 오이 흰색 천,껍질 가지다 녹색 주키니 질감 느끼다 밝다 색상 천 배경 펼쳐지다 흰색 천
vegetables,5030559,2,이미지에는 도마 위에 놓인 오이 조각들이 있습니다.,"나무 도마 위에는 통째로 된 초록색 주키니 한 개와 썰어 놓은 조각 몇 개가 놓여 있으며, 그중 한 조각은 반으로 잘려 도마 위에 놓여 있다. 주키니 속은 연한 노란색이며 씨가 보인다.",도마 오이 조각,나무 도마 통째 되다 초록색 주키 1개 썰다 조각 몇개 중 조각 반 잘리다 도마 주키니 속 연하다 노란색 씨 보이다
vegetables,5031100,1,이미지에는 접시 위에 놓인 양상추와 그 옆에 반으로 잘린 양상추가 있습니다.,"하얀 접시 위에 아이스버그 상추 한 통이 놓여 있고, 같은 상추에서 한 조각을 잘라내어 층층이 쌓인 속이 드러나 있으며, 배경은 연회색이다.",양상추 옆 반 잘리다 양상추,아이스 버그 상추 통 같다 상추 조각 자르다 층층이 쌓이다 속 드러나다 배경 회색
vegetables,5031100,2,이미지에는 반으로 잘린 양상추가 있습니다.,"밝은 회색 바탕 위에 아이스버그 상추 두 포기가 놓여 있는데, 하나는 통째로 있고 다른 하나는 반으로 잘려 있다. 반으로 잘린 쪽에서는 층층이 쌓인 연한 녹색 잎과 속쪽 심지의 아삭한 식감이 드러난다.",반 잘리다 양상추,밝다 회색 아이스버그 상추 포기 통째 반 잘리다 반 잘리다 쪽 층층이 쌓이다 연하다 녹색 잎 속 쪽 심지 아삭 식감 드러나다
vegetables,5031391,1,이미지에는 흰색 천 위에 놓인 두 개의 표고버섯이 있습니다.,"밝은 회색 배경 위에 질감이 느껴지는 흰색 천을 깔고, 그 위에 신선한 에노키 버섯 두 다발이 놓여 있다.",흰색 천 2개 표고버섯,밝다 회색 배경 질감 느끼다 흰색 천 깔다 에노키 버섯 다발
vegetables,5031391,2,이미지에는 흰색 버섯이 있습니다.,"흰색 질감이 느껴지는 천 위에 놓인, 하얀 줄기와 작은 갓을 가진 신선한 에노키 버섯 두 다발의 클로즈업 사진.",흰색 버섯,흰색 질감 느끼다 천 줄기 작다 갓 가지다 에노키 버섯 다발 클로즈업
vegetables,5031395,1,이미지에는 접시 위에 놓인 무가 있습니다.,"윗부분은 초록색이고 아랫부분은 흰색인 통무 하나 개가, 밝은 회색 배경 위에 놓인 흰색 타원형 접시 위에 놓여 있다.",무,윗부분 초록색 아랫부분 흰색 통무 밝다 회색 배경 흰색 타원
vegetables,5031395,2,이미지에는 접시 위에 놓인 무 몇 조각과 무 한 개가 있습니다.,하얀 타원형 접시 위에는 겉의 푸른 껍질과 속의 하얀 부분이 드러나도록 여러 조각으로 썬 신선한 무가 담겨 있다.,무 몇 조각 무 1개,타원 겉 껍질 속 드러나다 여러 조각 썰다 무 담기다
vegetables,5036663,1,이미지에는 회색 배경 위에 놓인 녹색의 대파가 있습니다.,"‘차이브’라고도 불리는 싱싱한 초록색 부추 한 묶음이, 질감이 느껴지는 연회색 표면 위에 가지런히 놓여 있다.",회색 배경 녹색 파,차이브 불리다 초록색 부추 묶음 질감 느끼다 회색 표면 가지런히
vegetables,5036663,2,이미지에는 회색 바탕 위에 놓인 초록색 대파가 있습니다.,밝은 회색의 질감이 느껴지는 표면 위에 싱싱한 초록색 부추 한 묶음이 놓여 있다.,회색 초록색 파,밝다 회색 질감 느끼다 표면 초록색 부추 묶음
vegetables,5042793,1,이미지에는 브로콜리가 담긴 흰색 접시가 있습니다.,하얀 접시 위에는 갓 잘라낸 싱싱한 녹색 브로콜리 꽃송이들이 한 무더기 담겨 있다. 접시 아래에는 영어와 한국어로 라벨이 붙어 있는 유기농 브로콜리 한 봉지가 놓여 있다.,브로콜리 담기다 흰색,갓 자르다 녹색 브로콜리 꽃송이 무더기 담기다 아래 영어 한국어 라벨 붙다 유기농 브로콜리 봉지
vegetables,5042793,2,이미지에는 흰 접시에 담긴 브로콜리 조각들이 있습니다.,선명한 녹색의 익힌 브로콜리 꽃송이가 가득 담긴 흰 접시.,희다 담기다 브로콜리 조각,선명 녹색 익히다 브로콜리 꽃송이 가득 담기다 희다
vegetables,5044050,1,"이미지에는 나무 도마 위에 두 개의 연한 갈색 뿌리채소, 아마도 우엉이 놓여 있고 그 옆에는 우엉의 껍질을 벗긴 후 얇게 썰어놓은 모습이 담겨 있습니다.","나무 판 두 개. 하나는 통째로 된 연근과 얇게 썬 연근이 놓여 있고, 다른 하나는 나무 판 위에 얇게 썬 연근이 놓여 있다.",나무 도마 2개 연하다 갈색 뿌리채소 아마도 우엉 옆 우엉 껍질 벗기다 후 얇다 썰다 모습 담기다,나무 판 2개 통째 되다 연근 얇다 썰다 연근 나무 판 얇다 썰다 연근
vegetables,5044050,2,이미지에는 나무 도마 위에 놓인 두 개의 생고구마와 고구마 껍질을 벗긴 후 잘라놓은 고구마 조각들이 있습니다.,"두 개의 나무 판 위에 신선한 연근이 놓여 있는데, 하나는 통째로, 다른 하나는 썰어 놓은 것이며, 썰어 놓은 연근은 아래쪽 판 위에 가지런히 놓여 있다.",나무 도마 2개 고구마 고구마 껍질 벗기다 후 자르다 고구마 조각,2개 나무 판 연근 통째 썰다 썰다 연근 아래쪽 판 가지런히
vegetables,5045384,1,이미지에는 흰색 천 위에 놓인 녹색과 자주색 잎들이 있습니다.,하얀 천 위에 쌓여 있는 싱그러운 녹색 잎들과 보라색 잎 한 장이 정갈하게 놓여 있다.,흰색 천 녹색 자주색 잎,천 쌓이다 녹색 잎 보라색 잎 장
vegetables,5045384,2,이미지에는 흰색 천 위에 놓인 여러 잎이 있습니다.,"흰 천 위에 놓인, 아마도 쐐기풀의 일종으로 보이는 식물의 싱싱하고 생기 넘치는 녹색과 보라색 잎을 클로즈업한 사진이다. 잎의 가장자리는 톱니 모양이며 잎맥이 뚜렷하게 드러나 있다.",흰색 천 여러 잎,희다 천 아마도 쐐기풀 일종 보이다 식물 생기 넘치다 녹색 보라색 잎 클로즈업 다 잎 가장자리 톱니 모양 잎 맥 드러나다
vegetables,5048049,1,이미지에는 국산 다진 마늘 제품이 있습니다.,"한국산 쌀가루 한 통과 한국산 쌀가루 페이스트 한 튜브로, 둘 다 녹색 포장지에 ‘풀무원’이라는 브랜드명이 적혀 있다.",국산 다지다 마늘 제품,한국 쌀 가루 통 한국 쌀 가루 페이스트 튜브 다 녹색 포장지 풀무원 브랜드 명 적히다
vegetables,5048049,2,이미지에는 포장된 현미밥과 국산 참깨마요네즈가 있습니다.,"뚜껑이 열린 한국식 마늘장 통, 뚜껑이 벗겨진 같은 마늘장 튜브, 그리고 마늘장이 한 숟가락 올려진 작은 접시가 모두 연회색 바탕 위에 놓여 있다.",포장 현미 밥 국산 참깨 마요네즈,뚜껑 열리다 한국식 마늘 장 통 뚜껑 벗겨지다 같다 마늘 장 튜브 그리고 마늘 장 숟가락 올리다 작다 모두 회색
vegetables,5049924,1,이미지에는 접시 위에 놓인 시금치 한 다발이 있습니다.,"생기 넘치는 녹색 줄기와 잎을 가진 신선한 시금치 한 묶음이, 질감이 느껴지는 밝은 회색 배경을 배경으로 밝은 회색 접시 위에 가지런히 담겨 있다.",시금치 다발,생기 넘치다 녹색 줄기 잎 가지다 시금치 묶음 질감 느끼다 밝다 회색 배경 배경 밝다 회색 가지런히 담기다
vegetables,5049924,2,이미지에는 접시 위에 놓인 신선한 시금치 한 다발이 있습니다.,물방울이 맺힌 싱싱하고 생기 넘치는 녹색 시금치 잎들이 흰 접시 위에 가지런히 담겨 있다.,시금치 다발,물방울 맺히다 생기 넘치다 녹색 시금치 잎 희다 가지런히 담기다
vegetables,5053496,1,이미지에는 녹색 양배추 한 개가 있습니다.,"밝은 회색 배경을 배경으로, 흰 천 위에 싱싱한 통째로 된 녹색 양배추 한 통이 놓여 있다.",녹색 양배추 1개,밝다 회색 배경 배경 희다 천 통째 되다 녹색 양배추 통
vegetables,5053496,2,이미지에는 세 개의 양배추가 있습니다.,"밝은 색상의 표면 위에 놓인 양배추 세 개의 클로즈업 사진으로, 그중 두 개는 통째이고 하나는 반으로 잘려 내부의 층층이 쌓인 모습이 드러나 있다.",3개 양배추,밝다 색상 표면 양배추 3개 클로즈업 중 2개 통째 반 잘리다 내부 층층이 쌓이다 모습 드러나다
vegetables,5054657,1,이미지에는 나무 쟁반 위에 놓인 세 개의 오이가 있습니다.,밝은 회색 바탕 위에 놓인 직사각형 나무 쟁반에 싱싱한 초록색 오이 세 개가 가지런히 놓여 있다.,나무 쟁반 3개 오이,밝다 회색 직사각형 나무 쟁반 초록색 오이 3개 가지런히
vegetables,5054657,2,나무 쟁반에 놓인 세 개의 오이.,작은 검은 씨가 박힌 싱싱하고 푸른 오이 세 개가 밝은 회색 바탕 위의 나무 쟁반에 놓여 있다.,나무 쟁반 3개 오이,작다 검다 씨 박히다 오이 3개 밝다 회색 나무 쟁반
vegetables,5054660,1,이미지에는 흰색 천 위에 놓인 브로콜리 한 개가 있습니다.,밝은 회색 배경 위에 접힌 흰 천 위에 싱싱하고 푸른 브로콜리 한 송이가 놓여 있다.,흰색 천 브로콜리 1개,밝다 회색 배경 접히다 희다 천 브로콜리 송이
vegetables,5054660,2,이미지에는 흰색 천 위에 놓인 브로콜리 한 개가 있습니다.,"밝은 회색 배경을 배경으로, 구겨진 흰 천 위에 싱싱하고 생기 넘치는 초록색 브로콜리 한 송이가 놓여 있다.",흰색 천 브로콜리 1개,밝다 회색 배경 배경 구겨지다 희다 천 생기 넘치다 초록색 브로콜리 송이
vegetables,5054661,1,이미지에는 짙은 보라색의 가지 두 개가 회색 천 위에 놓여 있습니다.,"광택이 나는 껍질을 가진 짙은 보라색 가지 두 개가, 밝은 회색 배경 위에 놓인 회색 무늬 천 위에 놓여 있다.",짙다 보라색 가지 2개 회색 천,광택 나다 껍질 가지다 짙다 보라색 가지 2개 밝다 회색 배경 회색 무늬 천
vegetables,5054661,2,이미지에는 반으로 잘린 검은 가지가 있습니다.,"질감이 느껴지는 회색 천 위에 짙은 보라색 가지 두 개가 놓여 있는데, 하나는 통째로 있고 다른 하나는 둥글게 썰려 있다. 썰린 부분에서는 연한 녹색 속살이 드러나 있다.",반 잘리다 검다 가지,질감 느끼다 회색 천 짙다 보라색 가지 2개 통째 둥글다 썰다 썰다 연하다 녹색 속살 드러나다
vegetables,5058732,1,이미지에는 접시에 담긴 표고버섯과 포장된 표고버섯이 있습니다.,"신선한 굴버섯 한 접시와, 그 뒤편에 같은 굴버섯이 들어 있는 포장 용기가 놓여 있다.",담기다 표고버섯 포장 표고버섯,굴 버섯 뒤편 같다 굴 버섯 들다 포장 용기
vegetables,5058732,2,이미지에는 신선해 보이는 표고버섯이 담긴 흰색 접시가 있습니다.,"줄기가 연한 색을 띠고 짙은 갈색을 띤 신선한 굴버섯이 한 무더기로 담겨 있는 접시. 버섯들은 흰색 접시 위에 놓여 있으며, 배경에는 같은 버섯이 들어 있는 포장 용기가 보인다.",보이다 표고버섯 담기다 흰색,줄기 연하다 색 띠다 짙다 갈색 띠다 굴 버섯 무더기 담기다 버섯 흰색 배경 같다 버섯 들다 포장 용기 보이다
vegetables,5061435,1,이미지에는 갈색 바구니에 담긴 보라색 고구마가 있습니다.,밝은 회색 바탕 위에 보라색 고구마 한 바구니가 놓여 있다.,갈색 바구니 담기다 보라색 고구마,밝다 회색 보라색 고구마 바구니
vegetables,5061435,2,이미지에는 보라색 고구마가 담긴 바구니의 모습이 있습니다.,"하늘색 바탕 위에 보라색 고구마 한 바구니가 놓여 있는데, 그중 하나는 반으로 잘려 크림처럼 하얀 속살이 드러나 있다.",보라색 고구마 담기다 바구니 모습,하늘색 보라색 고구마 바구니 중 반 잘리다 크림 속살 드러나다
vegetables,5063699,1,이미지에는 흰색 그릇에 담긴 청경채와 바닥에 놓인 청경채 한 다발이 있습니다.,"신선한 청경채로 가득 찬 흰 그릇과, 그 옆 회색 바탕 위에 놓인 청경채 한 줄기.",흰색 담기다 청경채 바닥 청경채 다발,청경채 가득 차다 희다 옆 회색 청경채 줄기
vegetables,5063699,2,이미지에는 청경채 잎이 있습니다.,"회색 바탕 위에 신선한 청경채 잎들이 놓여 있는데, 그중 한 장은 반으로 잘려 있고 다른 한 장은 온전한 상태이며, 오른쪽에는 신선한 청경채 잎이 담긴 그릇이 놓여 있다.",청경채 잎,회색 청경채 잎 중 장 반 잘리다 장 상태 오른쪽 청경채 잎 담기다
vegetables,5071102,1,이미지에는 포장된 표고버섯이 있습니다.,“KF365”라고 표시된 ‘KOREA FRESH’ 표의 투명한 비닐 봉지 안에는 갈색을 띠고 표면이 울퉁불퉁한 표고버섯이 가득 들어 있다. 연회색 바탕 위에 버섯 몇 개가 봉지 안 곳곳에 흩어져 있다.,포장 표고버섯,KF365 표시 KOREA_FRESH 표 투명 비닐 봉지 안 갈색 띠다 표면 울퉁불퉁 표고버섯 가득 들다 회색 버섯 몇개 봉지 안 곳곳 흩어지다
vegetables,5071102,2,이미지에는 포장된 표고버섯이 있습니다.,"한국어로 라벨이 붙은 KF365 Kurly Fresh 표고버섯이 들어 있는 투명한 비닐봉지가 연회색 표면 위에 놓여 있으며, 그 옆에는 통 표고버섯 두 개와 잘라 놓은 표고버섯 한 개가 놓여 있다.",포장 표고버섯,한국어 라벨 붙다 365 표고버섯 들다 투명 비닐 봉지 회색 표면 옆 통 표고버섯 2개 자르다 표고버섯 1개
vegetables,5071326,1,이미지에는 흰색 접시에 담긴 콩나물 한 그릇과 콩나물이 담긴 포장지가 놓여 있습니다.,"밝은 회색 바탕 위에, 신선하고 연노란색의 콩나물이 가득 담긴 흰색 접시가 “풀무원” 브랜드의 “특선 콩나물”이 들어 있는 초록색 포장지 옆에 놓여 있다.",흰색 담기다 콩나물 콩나물 담기다 포장지,밝다 회색 노란색 콩나물 가득 담기다 흰색 풀무원 브랜드 특선_콩나물 들다 초록색 포장지 옆
vegetables,5071326,2,이미지에는 접시에 담긴 콩나물이 있습니다.,신선하고 연한 노란색의 콩나물이 산처럼 높이 쌓인 하얀 접시. 그 섬세한 줄기와 작은 초록색 끝부분이 서로 얽혀 있다.,담기다 콩나물,연하다 노란색 콩나물 산 높이 쌓이다 줄기 작다 초록색 끝 서로 얽히다
vegetables,5071327,1,이미지에는 포장된 아삭숙주나물이 있습니다.,"하얀 접시 위에는 싱싱하고 연노란색의 숙주가 한 줌 담겨 있다. 그 아래에는 ‘풀무원’ 브랜드의 ‘아삭 숙주’가 담긴 초록색과 흰색 포장지가 놓여 있으며, 파란색 라벨에는 이 제품이 ‘200% 신선한’ 제품임을 나타내는 문구가 적혀 있다.",포장 삭 숙주나물,노란색 숙주 줌 담기다 아래 풀무원 브랜드 아삭_숙주 담기다 초록색 흰색 포장지 파란색 라벨 제품 200%_신선한 제품 나타내다 문구 적히다
vegetables,5071327,2,이미지에는 흰색 접시에 담긴 콩나물이 있습니다.,"흰 접시 위에, 끝부분이 노란색인 싱싱하고 하얀 콩나물이 한 줌 담겨 있다.",흰색 담기다 콩나물,희다 끝 색 콩나물 줌 담기다
vegetables,5104176,1,이미지에는 호박 조각이 담긴 접시와 호박 모양의 과자 패키지가 있는 모습입니다.,"회색 바탕 위에, 간식이나 디저트로 보이는 노란색 음식 포장지와, 호박이나 스쿼시일 가능성이 있는 주황색 음식이 얇게 썰려 담긴 작은 접시가 함께 보여진다.",호박 조각 담기다 호박 모양 과자 패키지 모습,회색 간식 디저트 보이다 노란색 음식 포장지 호박 스쿼시 가능 주황색 음식 얇다 썰다 담기다 작다 함께 보이다
vegetables,5104176,2,이미지에는 구운 단호박 조각이 담긴 접시가 있습니다.,"흰색 접시 위에는 구운 호박 조각 네 개가 놓여 있는데, 선명한 주황색 과육과 짙은 녹색 껍질이 돋보입니다. 호박 조각들은 유산지 한 장 위에 놓여 있으며, 배경에는 노란색 포장지가 일부 보입니다.",단호박 조각 담기다,흰색 호박 조각 4개 선명 주황색 과육 짙다 녹색 껍질 돋보이다 호박 조각 유사 장 배경 노란색 포장지 일부 보이다
vegetables,1000079725,1,이미지에는 1.5kg 무게의 고구마가 담긴 상자가 있습니다.,"“타카마부 고구마”라고 적힌, 무게 1.5kg의 보라색 고구마가 가득 담긴 골판지 상자가 연회색 바탕 위에 놓여 있다.",1.5kg 무게 고구마 담기다 상자,타카마부_고구마 적히다 무게 1.5kg 보라색 고구마 가득 담기다 골판지 상자 회색
vegetables,1000079725,2,이미지에는 고구마가 담긴 상자가 있습니다.,"밝은 회색 바탕 위에 붉은 고구마로 가득 찬 골판지 상자가 놓여 있으며, 그중 두 개는 반으로 잘려 연노란색 속살이 드러나 있다. 상자에는 “고구마 1.5kg”이라고 적혀 있고, 브랜드명 “탐마루”가 표시되어 있다.",고구마 담기다 상자,밝다 회색 붉다 고구마 가득 차다 골판지 상자 중 2개 반 잘리다 노란색 속살 드러나다 상자 고구마_1.5kg 적히다 브랜드 명 탐마루 표시
vegetables,1000118036,1,이미지에는 다진 마늘을 담은 포장지가 있습니다.,"한국식 마늘 맛 두부 한 팩으로, 투명한 플라스틱 창을 통해 안쪽에 들어 있는 노란색의 쫀득한 두부가 보입니다. 포장은 흰색 바탕에 분홍색과 검은색 글씨가 적혀 있으며, 마늘 한 쪽을 묘사한 심플한 일러스트가 그려져 있습니다.",다지다 마늘 담다 포장지,한국식 마늘 맛 두부 팩 투명 플라스틱 창 통하다 안쪽 들다 노란색 쫀득하다 두부 보이다 포장 흰색 분홍색 검은색 글씨 적히다 마늘 쪽 묘사 심플 일러스트 그리다
vegetables,1000118036,2,이미지에는 도자기 그릇에 담긴 잘게 다진 노란색 음식이 있습니다.,"가볍게 회색빛이 도는 질감이 느껴지는 배경 앞에, 잘게 다진 마늘이 가득 담긴 소박하고 투박한 도자기 그릇이 놓여 있다.",도자기 담기다 잘다 다지다 노란색 음식,회색 빛 도다 질감 느끼다 배경 앞 잘다 다지다 마늘 가득 담기다 도자기
vegetables,1000120872,1,이미지에는 흰색 접시에 담긴 콩나물이 있습니다.,신선하고 옅은 색의 콩나물이 가득 담긴 흰 그릇. 가냘프고 가느다란 줄기와 작은 노란색 끝부분이 돋보인다.,흰색 담기다 콩나물,옅다 색 콩나물 가득 담기다 희다 가냘프다 줄기 작다 노란색 끝 돋보이다
vegetables,1000120872,2,이미지에는 흰색 그릇에 담긴 콩나물이 있습니다.,신선하고 옅은 색의 콩나물이 가득 담긴 하얀 그릇. 가느다란 줄기와 작은 노란 끝부분이 서로 얽혀 있었다.,흰색 담기다 콩나물,옅다 색 콩나물 가득 담기다 줄기 작다 끝 서로 얽히다
vegetables,1000120884,1,이미지에는 흰색 천 위에 놓인 신선해 보이는 루콜라 잎이 있습니다.,선명한 녹색을 띠고 가장자리가 톱니 모양인 신선한 루콜라 잎 한 묶음이 하얀 리넨 식탁보 위에 가지런히 놓여 있다.,흰색 천 보이다 루콜라 잎,선명 녹색 띠다 가장자리 톱니 모양 루콜라 잎 묶음 리넨 식탁보 가지런히
vegetables,1000120884,2,이미지에는 흰색 천 위에 놓인 신선해 보이는 루콜라 잎이 있습니다.,흰색의 질감이 느껴지는 천 위에 싱싱하고 생기 넘치는 초록색 루콜라 잎들이 흩어져 있다.,흰색 천 보이다 루콜라 잎,흰색 질감 느끼다 천 생기 넘치다 초록색 루콜라 잎 흩어지다
vegetables,1000178619,1,"이미지에는 초록색 배경 위에 빨간색, 노란색, 주황색 벨 페퍼 네 개가 놓여 있습니다.","단색의 녹색 배경 위에 빨강, 노랑, 주황색의 알록달록한 피망 네 개가 놓여 있습니다.",초록색 배경 빨간색 노란색 주황색 페퍼 4개,달다 색 녹색 배경 빨강 노랑 주황색 알록달록 피망 4개
vegetables,1000178619,2,"이미지에는 초록색 배경 위에 빨간색, 노란색, 주황색, 노란색 피망 네 개가 나란히 놓여 있습니다.","노란색, 빨간색, 주황색, 그리고 노란색 등 다양한 색상의 피망 네 개가 짙은 녹색 배경 위에 일렬로 나란히 놓여 있다.",초록색 배경 빨간색 노란색 주황색 노란색 피망 4개 나란히,노란색 빨간색 주황색 그리고 노란색 다양 색상 피망 4개 짙다 녹색 배경 일렬 나란히
vegetables,1000258072,1,이미지에는 세 겹으로 배열된 상추 잎이 있습니다.,하늘색 배경 위에 세 줄로 나란히 놓인 싱싱하고 푸른 상추 잎 더미.,겹 배열 상추 잎,하늘색 배경 줄 나란히 상추 잎 더미
vegetables,1000258072,2,이미지에는 신선해 보이는 상추 잎이 있습니다.,"밝은 회색 바탕 위에 싱싱하고 아삭아삭한 로메인 상추 잎들이 놓여 있는데, 전경에는 큰 잎이 있고 그 뒤에는 작은 잎들이 겹겹이 쌓여 있다.",보이다 상추 잎,밝다 회색 아삭아삭 로메인 상추 잎 전 크다 잎 뒤 작다 잎 겹겹이 쌓이다
vegetables,1000441195,1,이미지에는 흰색 접시에 담긴 붉은 색의 고구마들이 있습니다.,생고구마 몇 개가 담긴 흰 그릇. 고구마들은 적갈색 껍질과 자연스럽고 약간 들쑥날쑥한 모양을 뽐내고 있다.,흰색 담기다 붉다 색 고구마,고구마 몇개 담기다 희다 고구마 적갈색 껍질 자연 약간 들쑥날쑥 모양 뽐내다
vegetables,1000441195,2,이미지에는 검은색 냄비에 담긴 고구마들이 있습니다.,"검은색 주철 더치 오븐 안에 고구마가 여러 개 담겨 있는데, 그중 일부는 반으로 갈라져 황금빛의 부드러운 속살이 드러나 있다.",검은색 냄비 담기다 고구마,검은색 주철 더치 오븐 안 고구마 여러개 담기다 중 일부 반 갈라지다 황금빛 속살 드러나다
vegetables,1000443684,1,이미지에는 두 개의 그릇에 담긴 다양한 종류의 신선한 녹색 잎채소가 있습니다.,신선하고 싱그러운 초록색 잎채소?아마도 상추와 다른 채소들이 섞인 것 같음?로 가득 찬 두 개의 흰색 그릇이 연회색의 질감이 느껴지는 표면 위에 놓여 있다.,2개 담기다 다양 종류 녹색 잎 채소,초록색 잎 채소 아마도 상추 다르다 채소 섞이다 같다 가득 차다 2개 흰색 회색 질감 느끼다 표면
vegetables,1000443684,2,이미지에는 두 개의 그릇에 담긴 다양한 종류의 신선한 녹색 잎채소가 있습니다.,신선하고 생기 넘치는 녹색과 빨간색 잎채소(아마도 상추일 것)로 가득 찬 두 개의 흰색 그릇이 연회색 바탕 위에 놓여 있다.,2개 담기다 다양 종류 녹색 잎 채소,생기 넘치다 녹색 빨간색 잎 채소 아마도 상추 가득 차다 2개 흰색 회색
vegetables,1000661274,1,이미지에는 포장된 야채와 그릇에 담긴 조리된 야채가 있습니다.,"브로콜리, 콜리플라워, 당근, 호박, 연근 등이 들어 있는 냉동 혼합 채소 한 봉지와, 같은 채소들을 이미 조리해 접시에 담아낸 모습이 함께 보여진다.",포장 야채 담기다 조리 야채,브로콜리 콜리플라워 당근 호박 연근 들다 냉동 혼합 채소 봉지 같다 채소 이미 조리 담다 모습 함께 보이다
vegetables,1000661274,2,이미지에는 흰 접시에 담긴 다양한 채소들이 있습니다.,"하얀 접시 위에는 선명한 녹색의 브로콜리, 흰색의 콜리플라워, 주황색의 아기 당근, 노란색의 호박, 그리고 연한 색의 연근 조각 등 다채로운 찜 채소들이 담겨 있다.",희다 담기다 다양 채소,선명 녹색 브로콜리 흰색 콜리 플라워 주황색 아기 당근 노란색 호박 그리고 연하다 색 연근 조각 찜 채소 담기다
vegetables,1000952172,1,"이미지에는 'Kf365 커리프레쉬'라는 제품이 있으며, 300g 용량으로 포장되어 있고, 15cm x 20cm 크기의 사각형 모양으로 개별 포장되어 있습니다.","앞면에 “XF365 KURLY FRESH”라는 라벨이 붙어 있고 한국어 문구가 적힌, 개별 포장된 밝은 색상의 냉동 식품이 들어 있는 흰색 포장지입니다. 이 포장지 안에는 식품이 담긴 여러 개의 작은 투명 플라스틱 용기가 들어 있으며, 그중 두 개는 포장지 위에 놓여 있습니다.",Kf365_커리프레쉬 제품 300g 용량 포장 15 20 크기 사각 모양 개별 포장,앞면 XF365_KURLY_FRESH 라벨 붙다 한국어 문구 적히다 개별 포장 밝다 색상 냉동 식품 들다 흰색 포장지 포장지 안 식품 담기다 여러개 작다 투명 플라스틱 용기 들다 중 2개 포장지
vegetables,1000952172,2,이미지에는 흰색 배경 위에 놓인 두 개의 작은 용기에 담긴 노란색 음식이 있습니다.,흰색 표면 위에 으깬 음식(아마도 으깬 감자나 이와 유사한 퓨레일 것으로 보이는)이 담긴 플라스틱 용기 두 개가 놓여 있다. 용기 하나는 뚜껑이 열려 있어 내용물이 드러나 있다.,흰색 배경 2개 작다 용기 담기다 노란색 음식,흰색 표면 으깨다 음식 아마도 으깨다 감자 유사 퓨레 보이다 담기다 플라스틱 용기 2개 용기 뚜껑 열리다 내용물 드러나다
vegetables,1001176677,1,이미지에는 다양한 종류의 상추가 담긴 접시가 있습니다.,하얀 타원형 접시 위에는 아삭아삭한 상추를 비롯해 식감과 녹색의 농도가 각기 다른 다양한 잎채소들이 담겨 있다.,다양 종류 상추 담기다,타원 아삭아삭 상추 식감 녹색 농도 각기 다양 잎 채소 담기다
vegetables,1001176677,2,이미지에는 다양한 종류의 상추가 담긴 접시가 있습니다.,하얀 접시 위에는 연한 녹색 바탕 위에 아삭한 녹색 잎상추와 붉은빛이 도는 로메인 상추 등 다양한 종류의 신선한 상추가 어우러져 담겨 있다.,다양 종류 상추 담기다,연하다 녹색 아삭 녹색 잎 상추 붉다 빛 도다 로메인 상추 다양 종류 상추 어우러지다 담기다
vegetables,1001227997,1,이미지에는 껍질이 벗겨진 양파가 놓여 있습니다.,"밝은 색의 천 위에 껍질을 벗기지 않은 신선한 양파들과 껍질을 벗긴 양파 몇 개가 놓여 있고, 주변에는 양파 껍질이 몇 개 흩어져 있다.",껍질 벗겨지다 양파,밝다 색 천 껍질 벗기다 양파 껍질 벗기다 양파 몇개 주변 양파 껍질 몇개 흩어지다
vegetables,1001227997,2,이미지에는 껍질이 벗겨진 양파와 껍질이 그대로 있는 양파가 놓여 있습니다.,"밝은 색의 천 위에 껍질을 벗기지 않은 신선한 양파 한 묶음과 껍질을 벗긴 양파 몇 쪽, 그리고 흩어져 있는 양파 껍질 몇 장이 놓여 있다.",껍질 벗겨지다 양파 껍질 그대로 양파,밝다 색 천 껍질 벗기다 양파 묶음 껍질 벗기다 양파 몇 쪽 그리고 흩어지다 양파 껍질 몇 장
vegetables,1001544134,1,이미지에는 접시 위에 놓인 여섯 개의 감자가 있습니다.,하얀 접시 위에는 껍질을 벗기지 않은 생감자 여섯 개가 밝은 색의 리넨 식탁보 위에 느슨한 원형을 그리며 놓여 있다.,6개 감자,껍질 벗기다 감자 6개 밝다 색 리넨 식탁보 원형 그리다
vegetables,1001544134,2,이미지에는 껍질이 벗겨진 감자 반쪽과 껍질이 그대로인 감자 여러 개가 놓여 있습니다.,"껍질을 벗기지 않은 감자 여러 개를 클로즈업한 사진으로, 그중 두 개는 반으로 잘려 연하고 크림색을 띤 속살이 드러나 있으며, 밝은 색의 리넨 천 위에 놓여 있다. 감자 한 개는 작은 흰 접시 위에 놓여 있고, 나머지는 그 주위에 흩어져 있다.",껍질 벗겨지다 감자 반쪽 껍질 그대로 감자 여러개,껍질 벗기다 감자 여러개 클로즈업 중 2개 반 잘리다 연하다 크림 색 띠다 속살 드러나다 밝다 색 리넨 천 감자 1개 작다 희다 나머지 주위 흩어지다
vegetables,1001985604,1,이미지에는 초록색 잎과 흰색 줄기가 있는 여러 대의 파가 놓여 있습니다.,하얀 줄기와 뿌리가 달린 싱싱한 파 한 묶음이 연한 녹색 배경 위에 가지런히 놓여 있다.,초록색 잎 흰색 줄기 여러 대 파,줄기 뿌리 달리다 파 묶음 연하다 녹색 배경 가지런히
vegetables,1001985604,2,이미지에는 나무 도마 위에 파와 파의 흰색 부분이 잘린 모습이 있습니다.,"연두색 배경 위에 나무 도마가 놓여 있고, 그 위에는 신선한 파가 올려져 있는데, 일부는 통째로 있고 일부는 얇게 둥글게 썰려 있다.",나무 도마 파 파 흰색 잘리다 모습,연두색 배경 나무 도마 파 올리다 일부 통째 일부 얇다 둥글다 썰다
vegetables,1002030400,1,이미지에는 연두색 오이가 있습니다.,두툼하고 길쭉한 몸통에 짧고 구부러진 줄기를 가진 초록색 주키니 한 개가 매끄러운 베이지색 표면 위에 놓여 있다.,연두색 오이,몸통 짧다 구부러지다 줄기 가지다 초록색 주키 1개 베이지 색 표면
vegetables,1002030400,2,이미지에는 초록색 오이가 있습니다.,두껍고 약간 휘어진 줄기가 달린 길고 푸른 주키니 하나가 매끄러운 베이지색 표면 위에 놓여 있다.,초록색 오이,약간 휘어지다 줄기 달리다 길다 주키니 베이지 색 표면
vegetables,1002318657,1,이미지에는 연한 녹색의 배추 한 개가 있습니다.,"가장자리가 풀린 연한 베이지색의 질감이 살아 있는 천 위에, 싱싱하고 둥근 녹색 양배추 한 통이 놓여 있다.",연하다 녹색 배추 1개,가장자리 풀리다 연하다 베이지 색 질감 살다 천 둥글다 녹색 양배추 통
vegetables,1002318657,2,이미지에는 세 조각의 배추 잎이 있습니다.,"반으로 잘린 양배추 세 조각이 겹겹이 쌓인 연한 녹색 속살을 드러낸 채, 가장자리가 풀어진 연한 베이지색의 질감이 살아 있는 천 위에 놓여 있다.",조각 배추 잎,반 잘리다 양배추 조각 겹겹이 쌓이다 연하다 녹색 속살 드러내다 채 가장자리 풀어지다 연하다 베이지 색 질감 살다 천
vegetables,1002318659,1,이미지에는 연한 갈색 바탕 위에 놓인 두 개의 브로콜리가 있습니다.,신선하고 생기 넘치는 녹색 브로콜리 두 송이가 가장자리에 술 장식이 달린 연한 베이지색의 질감이 살아있는 천 위에 놓여 있다.,연하다 갈색 2개 브로콜리,생기 넘치다 녹색 브로콜리 송이 가장자리 술 장식 달리다 연하다 베이지 색 질감 살다 천
vegetables,1002318659,2,이미지에는 브로콜리 여러 개가 있습니다.,신선한 녹색 브로콜리 꽃봉오리와 줄기가 가장자리에 술 장식이 달린 연한 베이지색의 질감이 살아있는 천 위에 정갈하게 놓여 있습니다.,브로콜리 여러개,녹색 브로콜리 꽃봉오리 줄기 가장자리 술 장식 달리다 연하다 베이지 색 질감 살다 천
