이미지 파일명,영어 이미지 캡션 결과,한국어 이미지 캡션 결과
kurly_5134096_2.jpg,a bowl of rice sitting on a plate,한 그릇의 쌀을 접시에 앉혀 놓은 것
kurly_5038123_2.jpg,a bunch of grapes on a table,테이블에 포도나무가 쌓여있는
kurly_5036748_2.jpg,a package of kiwis sitting on a plate,한 접시에 앉아있는 키위즈 패키지
kurly_1001729429_1.jpg,a bag of rice with a spoon next to it, 옆에는 스푼이 있는 쌀 가방
kurly_1000908371_1.jpg,a box of apples on a cloth with a knife,칼을 들고 옷에 달린 사과 상자
kurly_5051038_2.jpg,a bowl of rice is shown on a white surface,쌀 한 그릇이 흰색 표면에 표시됩니다.
kurly_5094562_1.jpg,a box of chocolates in an orange box,주황색 상자 안에 있는 초콜릿 상자
kurly_5134096_1.jpg,kf35 karly fresh rice,kf35 카를리 신선한 쌀
kurly_1000858612_1.jpg,a container of sliced pineapple next to a plate,접시 옆에는 썰린 아나나이나무가 담겨 있는 그릇이 있습니다.
kurly_1000867511_2.jpg,"7g rice powder, korean rice powder, korean rice powder, korean rice powder, korean rice powder, korean rice powder, korean rice powder, korean rice powder,","7g 쌀 파우더, 한국 쌀 파우더, 한국 쌀 파우더, 한국 쌀 파우더, 한국 쌀 파우더, 한국 쌀 파우더, 한국 쌀 파우더,"
kurly_5035954_2.jpg,a bowl of yogurt with blueberries and a spoon,블루베리와 한 푼의 요구르트 그릇을 넣고
kurly_1000122762_2.jpg,a bunch of apples with a bag of apples next to them,사과 무리가 있고 옆에는 사과 봉투가 있습니다.
kurly_5053663_2.jpg,white rice in a bowl with wooden spoon,나무 스푼을 넣은 그릇에 흰쌀을 넣고
kurly_5048547_1.jpg,a bag of rice with a spoon next to it, 옆에는 스푼이 있는 쌀 가방
kurly_5025577_1.jpg,kiwi fruit on a cutting board,"키비 과일, 잘라내는 보드"
kurly_5048580_1.jpg,green grapes on a table with leaves,잎이 있는 테이블에 녹색 포도을 얹어 놓았다.
kurly_5035954_1.jpg,two small square bowls with blueberries on a marble surface,"소규모의 광장 그릇으로, 화석 표면에 블루베리를 두 개의 "
kurly_1001303421_1.jpg,apple slices on a napkin with one cut in half,한 가지로 한 번 반으로 잘라낸 냅킨에 달하는 사과 조각을
kurly_1000122762_1.jpg,three bags of apples sit on a towel,삼개의 사과 봉투가 수건 위에 앉아 있습니다.
kurly_5051031_1.jpg,a bag of rice on a table,"테이블에 있는 쌀 봉투, 테이블에 있는 쌀 봉투"
kurly_5045631_2.jpg,hba food snack box with nuts and nuts,견과류와 견과류를 넣은 hba 음식 간식 상자
kurly_1000118138_1.jpg,korean rice with a bowl of rice next to it,한국의 쌀과 함께 쌀 한 그릇이 옆에 있습니다.
kurly_1000867509_1.jpg,"7g rice powder, rice, and a bowl of rice","7g의 쌀 파우더와 쌀, 그리고 한 그릇의 쌀을 넣는다"
kurly_1000867511_1.jpg,a bag of rice with a bowl of rice next to it,쌀 가방과 함께 쌀 한 그릇이 있는 쌀 가방
kurly_5056014_1.jpg,peaches on a cutting board,빗판에 콩을 
kurly_5056014_2.jpg,peaches on a cutting board,빗판에 콩을 
kurly_1000102438_1.jpg,a box filled with apples on a beige background,베이지 배경에 사과로 가득한 상자
kurly_5068728_1.jpg,a white cloth with oranges on it,흰색 천으로 오렌지색을 씌운 옷
kurly_5038123_1.jpg,a bunch of grapes on a plate by julia for stocksy united,한 접시에 포도의 무리가 있습니다. by julia for stocksy united
kurly_1000144509_1.jpg,korean rice - kf-35,한국의 쌀 - kf-35
kurly_5045631_1.jpg,hbaf 6 weeks nutrition bar,hbaf 6주 영양 바
kurly_5048580_2.jpg,green grapes on a plate,한 접시에 녹색 포도
kurly_5070409_2.jpg,a bowl of white rice sitting on a white surface,흰색 표면에 앉아 있는 백색 쌀 한 그릇
kurly_5025577_2.jpg,kiwi fruit on a cutting board,"키비 과일, 잘라내는 보드"
kurly_1000032485_1.jpg,a bag of blueberries sitting next to a bowl of blueberries,블루베리 한 그릇 옆에 앉아 있는 블루베리 한 가방
kurly_1000048867_1.jpg,a bag of rice with mountains in the background,배경에는 산이 있는 쌀 봉투가 있습니다.
kurly_5094562_2.jpg,a box of dates with a message written on it,날짜 상자에는 표기된 메시지가 있습니다.
kurly_5159977_2.jpg,peaches on a yellow cloth with leaves,잎이 있는 노란색 천장에 콩을 
kurly_5162187_1.jpg,a basket of oranges on a bed,침대에서 오렌지의 한 바구니를 
kurly_1001502284_2.jpg,a bunch of cherries on a white cloth,흰색 천에 한 리의 을 다.
kurly_1000338204_1.jpg,a bag of blueberries and a bowl of blueberries,한 가방의 블루베리와 한 그릇의 블루베리를 넣고
kurly_1001303421_2.jpg,apple slices are arranged on a napkin,사과 조각은 냅킨에 배치되어 있습니다.
kurly_1000763360_1.jpg,a bunch of green grapes on a plate,한 접시에 한 잔의 녹색 포도을 넣었다.
kurly_5162187_2.jpg,a basket of oranges on a table,테이블에 오렌지 농장을 놓은
kurly_1000102438_2.jpg,a box filled with red apples on a beige background,베이지 배경에 붉은 사과로 가득한 상자
kurly_5049631_1.jpg,three yellow and white melons on a plate,한 접시에 3개의 노란색과 흰색 멜론을 넣습니다.
kurly_5121007_2.jpg,a bowl of white rice on a white surface,흰색 표면에 있는 백색 쌀 한 그릇
kurly_1000066062_1.jpg,a jar of granola sitting on a table,테이블에 앉아있는 그라놀라 한 잔
kurly_1000973922_1.jpg,kf3665 multi-nut snack,kf3665 멀티넛 스냅
kurly_1000253378_2.jpg,a bowl of blueberries with a spoon,한 컵의 블루베리를 한 컵으로 한 그릇으로
kurly_5063578_2.jpg,a bowl of tomatoes on a wooden table,나무 테이블에 토마토를 한 그릇을 넣고
kurly_5027321_2.jpg,a bowl of red and yellow peaches on a white cloth,흰색 천에 붉은색과 노란색 콩을 한 그릇을 넣고
kurly_1000032485_2.jpg,a bowl of frozen blueberries on a white surface,흰색 표면에 얼어붙은 블루베리의 그릇이 담겨 있습니다.
kurly_5061259_1.jpg,a bowl of apples,한 그릇의 사과
kurly_1000253378_1.jpg,blueberries on a plate,한 접시에 블루베리
kurly_1000867509_2.jpg,a bag of rice next to a spoon and a sprig of grass,한 주머니의 쌀과 함께 한 푼과 한 잔의 잔을 넣었습니다.
kurly_5051031_2.jpg,a person pouring rice into a pot,쌀을 냄비에 붓는 사람이었습니다.
kurly_5159977_1.jpg,peaches on a yellow cloth with a knife and a knife,붓과 칼을 들고 노란색 천장에 콩을 얹어 붓을 
kurly_5003716_2.jpg,bananas are shown on a white surface,바나나는 흰색 표면에 표시됩니다.
kurly_1001729429_2.jpg,rice in a white bowl on a white cloth,흰색 천에 흰색 그릇에 있는 쌀을 담은 쌀
kurly_1000973922_2.jpg,k3655 - k3655 kiwi fresh,k3655 - k3655 신선한 키비
kurly_5052626_2.jpg,"it's real food, real fast","진짜 음식, 진짜 빠른 음식입니다."
kurly_1001234463_1.jpg,a bowl of tomatoes on a table,테이블에 토마토 한 그릇을 올려놓은 것
kurly_5061259_2.jpg,a bowl of apples and a brush on a counter,사과 한 그릇과 카운터에 있는 브러쉬를 넣는 것
kurly_1001502284_1.jpg,a bunch of cherries on a white cloth,흰색 천에 한 리의 을 다.
kurly_1000338204_2.jpg,a bowl of blueberries sitting on a table,테이블에 앉아있는 블루베리 그릇이
kurly_5063690_1.jpg,tomatoes in basket on white wooden background,흰색 목재 배경에 토마토가 바구니에 있는 토마토
kurly_5070409_1.jpg,a bag of rice next to a bowl of rice,쌀 한 그릇 옆에 쌀 한 가방이 있습니다.
kurly_1000048867_2.jpg,a bowl of rice sitting on a table,테이블에 앉아있는 쌀 한 그릇
kurly_1000066062_2.jpg,a bowl of seeds on a table,테이블에 있는 씨앗의 그릇을
kurly_5051038_1.jpg,a bag of rice next to a spoon,한 푼 주먹이 있는 쌀 가방
kurly_5049631_2.jpg,a plate with three pieces of yellow and white striped melons,황색과 흰색 줄무늬가 있는 멜론의 세 조각으로 된 접시
kurly_5053663_1.jpg,a bag of rice with chopsticks and a spoon, 스틱과 스푼을 넣은 쌀 가방
kurly_5034841_1.jpg,a white plate with oranges on it,흰색 접시로 오렌지가 달린 접시
kurly_5121007_1.jpg,organic rice with a bowl of rice next to it,생체쌀과 함께 쌀 한 그릇이 옆에 있습니다
kurly_5034841_2.jpg,a white plate with a bunch of oranges on it,"흰색 접시, 그리고 그 위에 오렌지 이 있는"
kurly_1000144509_2.jpg,a bowl of white rice on a white surface,흰색 표면에 있는 백색 쌀 한 그릇
kurly_5031442_1.jpg,bananas sliced in half on a wooden plate with fork,바나나는 가으로 목판에 반으로 갈라지고
kurly_1000763360_2.jpg,a bunch of green grapes on a plate,한 접시에 한 잔의 녹색 포도을 넣었다.
kurly_1000908371_2.jpg,a box of apples with a half eaten apple on a cloth,한 상자 사과와 반먹은 사과가 천에 씌여있었다
kurly_5068728_2.jpg,a bunch of oranges on a white cloth,흰색 천에 걸린 오렌지 덩어리
kurly_1002140343_1.jpg,three avocados sit on a white plate,세 개의 아보카도는 흰색 접시에 앉아 있습니다.
kurly_1000030900_2.jpg,a bowl of white rice sitting on a table,테이블에 앉아 있는 백색쌀 한 그릇의 
kurly_1000118138_2.jpg,a bowl of white rice sitting on a table,테이블에 앉아 있는 백색쌀 한 그릇의 
kurly_5132780_2.jpg,kiwi fruit on a plate,한 접시에 있는 키비 과일
kurly_5132780_1.jpg,a plate with six kiwis on it,6개의 키위스를 한 접시로 만든 것이다.
kurly_1002140343_2.jpg,an avocado is cut in half and a spoon is in the middle,"아보카도는 반으로 갈라지고, 한 푼은 중간에 있다."
kurly_5048547_2.jpg,a bowl of rice on a white surface,흰색 표면에 있는 쌀 한 그릇
kurly_5036748_1.jpg,a package of kiwis sitting on a plate next to a box of kiwis,키비의 상자 옆에 접시에 앉아있는 키비의 패키지
kurly_1001882653_2.jpg,a bowl of apples with a slice cut in half,사과 한 그릇과 반으로 갈라진 조각을 넣고
kurly_5063690_2.jpg,tomatoes in basket on white table,흰 테이블에 토마토가 바구니에 있는 토마토
kurly_5027321_1.jpg,peaches on a white cloth,흰색 천에 콩을 
kurly_5031442_2.jpg,bananas sliced in half on a wooden plate with a fork,바나나는 목판에 갈라진 바나나를 갈라놓습니다.
kurly_1000858612_2.jpg,three pieces of pineapple on a white plate,흰색 접시에 세 조각의 아나나이나무가 담겨 있습니다.
kurly_5003716_1.jpg,a bunch of bananas on a white cloth,흰색 천에 바나나 무리가 걸려있는
kurly_1000030900_1.jpg,a bag of rice and a bowl of rice,쌀과 쌀을 한 주머니로 넣고 한 그릇을 넣는 것
kurly_1001234463_2.jpg,a bowl of tomatoes on a table,테이블에 토마토 한 그릇을 올려놓은 것
kurly_5063578_1.jpg,a bowl of tomatoes on a white table,흰색 테이블에 토마토 한 그릇을 넣고
kurly_1001882653_1.jpg,a plate with apples and a cut in half,사과와 접시를 두 조각으로 갈라놓은 후
kurly_5052626_1.jpg,a box of nuts and a bag of nuts,견과류의 상자와 견과류의 가방이 있습니다.
